"order_id","line_prod_seq","product_id","amount","unit_price","quantity","discount"
10248,1,11,168.00,14.0,12,0.0
10248,2,42,98.00,9.8,10,0.0
10248,3,72,174.00,34.8,5,0.0
10249,1,14,167.40,18.6,9,0.0
10249,2,51,1696.00,42.4,40,0.0
10250,1,41,77.00,7.7,10,0.0
10250,2,51,1261.40,42.4,35,0.15
10250,3,65,214.20,16.8,15,0.15
10251,1,22,95.76,16.8,6,0.05
10251,2,57,222.30,15.6,15,0.05
10251,3,65,336.00,16.8,20,0.0
10252,1,20,2462.40,64.8,40,0.05
10252,2,33,47.50,2.0,25,0.05
10252,3,60,1088.00,27.2,40,0.0
10253,1,31,200.00,10.0,20,0.0
10253,2,39,604.80,14.4,42,0.0
10253,3,49,640.00,16.0,40,0.0
10254,1,24,45.90,3.6,15,0.15
10254,2,55,342.72,19.2,21,0.15
10254,3,74,168.00,8.0,21,0.0
10255,1,2,304.00,15.2,20,0.0
10255,2,16,486.50,13.9,35,0.0
10255,3,36,380.00,15.2,25,0.0
10255,4,59,1320.00,44.0,30,0.0
10256,1,53,393.00,26.2,15,0.0
10256,2,77,124.80,10.4,12,0.0
10257,1,27,877.50,35.1,25,0.0
10257,2,39,86.40,14.4,6,0.0
10257,3,77,156.00,10.4,15,0.0
10258,1,2,608.00,15.2,50,0.2
10258,2,5,884.00,17.0,65,0.2
10258,3,32,122.88,25.6,6,0.2
10259,1,21,80.00,8.0,10,0.0
10259,2,37,20.80,20.8,1,0.0
10260,1,41,92.40,7.7,16,0.25
10260,2,57,780.00,15.6,50,0.0
10260,3,62,443.25,39.4,15,0.25
10260,4,70,189.00,12.0,21,0.25
10261,1,21,160.00,8.0,20,0.0
10261,2,35,288.00,14.4,20,0.0
10262,1,5,163.20,17.0,12,0.2
10262,2,7,360.00,24.0,15,0.0
10262,3,56,60.80,30.4,2,0.0
10263,1,16,625.50,13.9,60,0.25
10263,2,24,100.80,3.6,28,0.0
10263,3,30,931.50,20.7,60,0.25
10263,4,74,216.00,8.0,36,0.25
10264,1,2,532.00,15.2,35,0.0
10264,2,41,163.62,7.7,25,0.15
10265,1,17,936.00,31.2,30,0.0
10265,2,70,240.00,12.0,20,0.0
10266,1,12,346.56,30.4,12,0.05
10267,1,40,735.00,14.7,50,0.0
10267,2,59,2618.00,44.0,70,0.15
10267,3,76,183.60,14.4,15,0.15
10268,1,29,990.00,99.0,10,0.0
10268,2,72,111.20,27.8,4,0.0
10269,1,33,114.00,2.0,60,0.05
10269,2,72,528.20,27.8,20,0.05
10270,1,36,456.00,15.2,30,0.0
10270,2,43,920.00,36.8,25,0.0
10271,1,33,48.00,2.0,24,0.0
10272,1,20,388.80,64.8,6,0.0
10272,2,31,400.00,10.0,40,0.0
10272,3,72,667.20,27.8,24,0.0
10273,1,10,565.44,24.8,24,0.05
10273,2,31,142.50,10.0,15,0.05
10273,3,33,40.00,2.0,20,0.0
10273,4,40,837.90,14.7,60,0.05
10273,5,76,451.44,14.4,33,0.05
10274,1,71,344.00,17.2,20,0.0
10274,2,72,194.60,27.8,7,0.0
10275,1,24,41.04,3.6,12,0.05
10275,2,59,250.80,44.0,6,0.05
10276,1,10,372.00,24.8,15,0.0
10276,2,13,48.00,4.8,10,0.0
10277,1,28,728.00,36.4,20,0.0
10277,2,62,472.80,39.4,12,0.0
10278,1,44,248.00,15.5,16,0.0
10278,2,59,660.00,44.0,15,0.0
10278,3,63,280.80,35.1,8,0.0
10278,4,73,300.00,12.0,25,0.0
10279,1,17,351.00,31.2,15,0.25
10280,1,24,43.20,3.6,12,0.0
10280,2,55,384.00,19.2,20,0.0
10280,3,75,186.00,6.2,30,0.0
10281,1,19,7.30,7.3,1,0.0
10281,2,24,21.60,3.6,6,0.0
10281,3,35,57.60,14.4,4,0.0
10282,1,30,124.20,20.7,6,0.0
10282,2,57,31.20,15.6,2,0.0
10283,1,15,248.00,12.4,20,0.0
10283,2,19,131.40,7.3,18,0.0
10283,3,60,952.00,27.2,35,0.0
10283,4,72,83.40,27.8,3,0.0
10284,1,27,394.87,35.1,15,0.25
10284,2,44,325.50,15.5,21,0.0
10284,3,60,408.00,27.2,20,0.25
10284,4,67,42.00,11.2,5,0.25
10285,1,1,518.40,14.4,45,0.2
10285,2,40,470.40,14.7,40,0.2
10285,3,53,754.56,26.2,36,0.2
10286,1,35,1440.00,14.4,100,0.0
10286,2,62,1576.00,39.4,40,0.0
10287,1,16,472.60,13.9,40,0.15
10287,2,34,224.00,11.2,20,0.0
10287,3,46,122.40,9.6,15,0.15
10288,1,54,53.10,5.9,10,0.1
10288,2,68,27.00,10.0,3,0.1
10289,1,3,240.00,8.0,30,0.0
10289,2,64,239.40,26.6,9,0.0
10290,1,5,340.00,17.0,20,0.0
10290,2,29,1485.00,99.0,15,0.0
10290,3,49,240.00,16.0,15,0.0
10290,4,77,104.00,10.4,10,0.0
10291,1,13,86.40,4.8,20,0.1
10291,2,44,334.80,15.5,24,0.1
10291,3,51,76.32,42.4,2,0.1
10292,1,20,1296.00,64.8,20,0.0
10293,1,18,600.00,50.0,12,0.0
10293,2,24,36.00,3.6,10,0.0
10293,3,63,175.50,35.1,5,0.0
10293,4,75,37.20,6.2,6,0.0
10294,1,1,259.20,14.4,18,0.0
10294,2,17,468.00,31.2,15,0.0
10294,3,43,552.00,36.8,15,0.0
10294,4,60,571.20,27.2,21,0.0
10294,5,75,37.20,6.2,6,0.0
10295,1,56,121.60,30.4,4,0.0
10296,1,11,201.60,16.8,12,0.0
10296,2,16,417.00,13.9,30,0.0
10296,3,69,432.00,28.8,15,0.0
10297,1,39,864.00,14.4,60,0.0
10297,2,72,556.00,27.8,20,0.0
10298,1,2,608.00,15.2,40,0.0
10298,2,36,456.00,15.2,40,0.25
10298,3,59,990.00,44.0,30,0.25
10298,4,62,591.00,39.4,15,0.0
10299,1,19,109.50,7.3,15,0.0
10299,2,70,240.00,12.0,20,0.0
10300,1,66,408.00,13.6,30,0.0
10300,2,68,200.00,10.0,20,0.0
10301,1,40,147.00,14.7,10,0.0
10301,2,56,608.00,30.4,20,0.0
10302,1,17,1248.00,31.2,40,0.0
10302,2,28,1019.20,36.4,28,0.0
10302,3,43,441.60,36.8,12,0.0
10303,1,40,529.20,14.7,40,0.1
10303,2,65,453.60,16.8,30,0.1
10303,3,68,135.00,10.0,15,0.1
10304,1,49,480.00,16.0,30,0.0
10304,2,59,440.00,44.0,10,0.0
10304,3,71,34.40,17.2,2,0.0
10305,1,18,1125.00,50.0,25,0.1
10305,2,29,2227.50,99.0,25,0.1
10305,3,39,388.80,14.4,30,0.1
10306,1,30,207.00,20.7,10,0.0
10306,2,53,262.00,26.2,10,0.0
10306,3,54,29.50,5.9,5,0.0
10307,1,62,394.00,39.4,10,0.0
10307,2,68,30.00,10.0,3,0.0
10308,1,69,28.80,28.8,1,0.0
10308,2,70,60.00,12.0,5,0.0
10309,1,4,352.00,17.6,20,0.0
10309,2,6,600.00,20.0,30,0.0
10309,3,42,22.40,11.2,2,0.0
10309,4,43,736.00,36.8,20,0.0
10309,5,71,51.60,17.2,3,0.0
10310,1,16,139.00,13.9,10,0.0
10310,2,62,197.00,39.4,5,0.0
10311,1,42,67.20,11.2,6,0.0
10311,2,69,201.60,28.8,7,0.0
10312,1,28,145.60,36.4,4,0.0
10312,2,43,883.20,36.8,24,0.0
10312,3,53,524.00,26.2,20,0.0
10312,4,75,62.00,6.2,10,0.0
10313,1,36,182.40,15.2,12,0.0
10314,1,32,921.60,25.6,40,0.1
10314,2,58,286.20,10.6,30,0.1
10314,3,62,886.50,39.4,25,0.1
10315,1,34,156.80,11.2,14,0.0
10315,2,70,360.00,12.0,30,0.0
10316,1,41,77.00,7.7,10,0.0
10316,2,62,2758.00,39.4,70,0.0
10317,1,1,288.00,14.4,20,0.0
10318,1,41,154.00,7.7,20,0.0
10318,2,76,86.40,14.4,6,0.0
10319,1,17,249.60,31.2,8,0.0
10319,2,28,509.60,36.4,14,0.0
10319,3,76,432.00,14.4,30,0.0
10320,1,71,516.00,17.2,30,0.0
10321,1,35,144.00,14.4,10,0.0
10322,1,52,112.00,5.6,20,0.0
10323,1,15,62.00,12.4,5,0.0
10323,2,25,44.80,11.2,4,0.0
10323,3,39,57.60,14.4,4,0.0
10324,1,16,248.11,13.9,21,0.15
10324,2,35,856.80,14.4,70,0.15
10324,3,46,288.00,9.6,30,0.0
10324,4,59,1496.00,44.0,40,0.15
10324,5,63,2386.80,35.1,80,0.15
10325,1,6,120.00,20.0,6,0.0
10325,2,13,57.60,4.8,12,0.0
10325,3,14,167.40,18.6,9,0.0
10325,4,31,40.00,10.0,4,0.0
10325,5,72,1112.00,27.8,40,0.0
10326,1,4,422.40,17.6,24,0.0
10326,2,57,249.60,15.6,16,0.0
10326,3,75,310.00,6.2,50,0.0
10327,1,2,304.00,15.2,25,0.2
10327,2,11,672.00,16.8,50,0.2
10327,3,30,579.60,20.7,35,0.2
10327,4,58,254.40,10.6,30,0.2
10328,1,59,396.00,44.0,9,0.0
10328,2,65,672.00,16.8,40,0.0
10328,3,68,100.00,10.0,10,0.0
10329,1,19,69.35,7.3,10,0.05
10329,2,30,157.32,20.7,8,0.05
10329,3,38,4005.20,210.8,20,0.05
10329,4,56,346.56,30.4,12,0.05
10330,1,26,1058.25,24.9,50,0.15
10330,2,72,590.75,27.8,25,0.15
10331,1,54,88.50,5.9,15,0.0
10332,1,18,1600.00,50.0,40,0.2
10332,2,42,89.60,11.2,10,0.2
10332,3,47,97.28,7.6,16,0.2
10333,1,14,186.00,18.6,10,0.0
10333,2,21,72.00,8.0,10,0.1
10333,3,71,619.20,17.2,40,0.1
10334,1,52,44.80,5.6,8,0.0
10334,2,68,100.00,10.0,10,0.0
10335,1,2,85.12,15.2,7,0.2
10335,2,31,200.00,10.0,25,0.2
10335,3,32,122.88,25.6,6,0.2
10335,4,51,1628.16,42.4,48,0.2
10336,1,4,285.12,17.6,18,0.1
10337,1,23,288.00,7.2,40,0.0
10337,2,26,597.60,24.9,24,0.0
10337,3,36,304.00,15.2,20,0.0
10337,4,37,582.40,20.8,28,0.0
10337,5,72,695.00,27.8,25,0.0
10338,1,17,624.00,31.2,20,0.0
10338,2,30,310.50,20.7,15,0.0
10339,1,4,176.00,17.6,10,0.0
10339,2,17,2074.80,31.2,70,0.05
10339,3,62,1103.20,39.4,28,0.0
10340,1,18,950.00,50.0,20,0.05
10340,2,41,87.78,7.7,12,0.05
10340,3,43,1398.40,36.8,40,0.05
10341,1,33,16.00,2.0,8,0.0
10341,2,59,336.60,44.0,9,0.15
10342,1,2,291.84,15.2,24,0.2
10342,2,31,448.00,10.0,56,0.2
10342,3,36,486.40,15.2,40,0.2
10342,4,55,614.40,19.2,40,0.2
10343,1,64,1330.00,26.6,50,0.0
10343,2,68,38.00,10.0,4,0.05
10343,3,76,216.00,14.4,15,0.0
10344,1,4,616.00,17.6,35,0.0
10344,2,8,1680.00,32.0,70,0.25
10345,1,8,2240.00,32.0,70,0.0
10345,2,19,584.00,7.3,80,0.0
10345,3,42,100.80,11.2,9,0.0
10346,1,17,1010.88,31.2,36,0.1
10346,2,56,608.00,30.4,20,0.0
10347,1,25,112.00,11.2,10,0.0
10347,2,39,612.00,14.4,50,0.15
10347,3,40,58.80,14.7,4,0.0
10347,4,75,31.62,6.2,6,0.15
10348,1,1,183.60,14.4,15,0.15
10348,2,23,180.00,7.2,25,0.0
10349,1,54,141.60,5.9,24,0.0
10350,1,50,175.50,13.0,15,0.1
10350,2,69,466.56,28.8,18,0.1
10351,1,38,4005.20,210.8,20,0.05
10351,2,41,100.10,7.7,13,0.0
10351,3,44,1133.82,15.5,77,0.05
10351,4,65,159.60,16.8,10,0.05
10352,1,24,36.00,3.6,10,0.0
10352,2,54,100.30,5.9,20,0.15
10353,1,11,161.28,16.8,12,0.2
10353,2,38,8432.00,210.8,50,0.2
10354,1,1,172.80,14.4,12,0.0
10354,2,29,396.00,99.0,4,0.0
10355,1,24,90.00,3.6,25,0.0
10355,2,57,390.00,15.6,25,0.0
10356,1,31,300.00,10.0,30,0.0
10356,2,55,230.40,19.2,12,0.0
10356,3,69,576.00,28.8,20,0.0
10357,1,10,595.20,24.8,30,0.2
10357,2,26,398.40,24.9,16,0.0
10357,3,60,174.08,27.2,8,0.2
10358,1,24,34.20,3.6,10,0.05
10358,2,34,106.40,11.2,10,0.05
10358,3,36,288.80,15.2,20,0.05
10359,1,16,739.48,13.9,56,0.05
10359,2,31,665.00,10.0,70,0.05
10359,3,60,2067.20,27.2,80,0.05
10360,1,28,1092.00,36.4,30,0.0
10360,2,29,3465.00,99.0,35,0.0
10360,3,38,2108.00,210.8,10,0.0
10360,4,49,560.00,16.0,35,0.0
10360,5,54,165.20,5.9,28,0.0
10361,1,39,699.84,14.4,54,0.1
10361,2,60,1346.40,27.2,55,0.1
10362,1,25,560.00,11.2,50,0.0
10362,2,51,848.00,42.4,20,0.0
10362,3,54,141.60,5.9,24,0.0
10363,1,31,200.00,10.0,20,0.0
10363,2,75,74.40,6.2,12,0.0
10363,3,76,172.80,14.4,12,0.0
10364,1,69,864.00,28.8,30,0.0
10364,2,71,86.00,17.2,5,0.0
10365,1,11,403.20,16.8,24,0.0
10366,1,65,84.00,16.8,5,0.0
10366,2,77,52.00,10.4,5,0.0
10367,1,34,403.20,11.2,36,0.0
10367,2,54,106.20,5.9,18,0.0
10367,3,65,252.00,16.8,15,0.0
10367,4,77,72.80,10.4,7,0.0
10368,1,21,36.00,8.0,5,0.1
10368,2,28,425.88,36.4,13,0.1
10368,3,57,390.00,15.6,25,0.0
10368,4,64,837.90,26.6,35,0.1
10369,1,29,1980.00,99.0,20,0.0
10369,2,56,410.40,30.4,18,0.25
10370,1,1,183.60,14.4,15,0.15
10370,2,64,798.00,26.6,30,0.0
10370,3,74,136.00,8.0,20,0.15
10371,1,36,72.96,15.2,6,0.2
10372,1,20,583.20,64.8,12,0.25
10372,2,38,6324.00,210.8,40,0.25
10372,3,60,1428.00,27.2,70,0.25
10372,4,72,875.70,27.8,42,0.25
10373,1,58,678.40,10.6,80,0.2
10373,2,71,688.00,17.2,50,0.2
10374,1,31,300.00,10.0,30,0.0
10374,2,58,159.00,10.6,15,0.0
10375,1,14,279.00,18.6,15,0.0
10375,2,54,59.00,5.9,10,0.0
10376,1,31,399.00,10.0,42,0.05
10377,1,28,618.80,36.4,20,0.15
10377,2,39,244.80,14.4,20,0.15
10378,1,71,103.20,17.2,6,0.0
10379,1,41,55.44,7.7,8,0.1
10379,2,63,505.44,35.1,16,0.1
10379,3,65,302.40,16.8,20,0.1
10380,1,30,335.34,20.7,18,0.1
10380,2,53,471.60,26.2,20,0.1
10380,3,60,146.88,27.2,6,0.1
10380,4,70,360.00,12.0,30,0.0
10381,1,74,112.00,8.0,14,0.0
10382,1,5,544.00,17.0,32,0.0
10382,2,18,450.00,50.0,9,0.0
10382,3,29,1386.00,99.0,14,0.0
10382,4,33,120.00,2.0,60,0.0
10382,5,74,400.00,8.0,50,0.0
10383,1,13,96.00,4.8,20,0.0
10383,2,50,195.00,13.0,15,0.0
10383,3,56,608.00,30.4,20,0.0
10384,1,20,1814.40,64.8,28,0.0
10384,2,60,408.00,27.2,15,0.0
10385,1,7,192.00,24.0,10,0.2
10385,2,60,435.20,27.2,20,0.2
10385,3,68,64.00,10.0,8,0.2
10386,1,24,54.00,3.6,15,0.0
10386,2,34,112.00,11.2,10,0.0
10387,1,24,54.00,3.6,15,0.0
10387,2,28,218.40,36.4,6,0.0
10387,3,59,528.00,44.0,12,0.0
10387,4,71,258.00,17.2,15,0.0
10388,1,45,91.20,7.6,15,0.2
10388,2,52,89.60,5.6,20,0.2
10388,3,53,1048.00,26.2,40,0.0
10389,1,10,396.80,24.8,16,0.0
10389,2,55,288.00,19.2,15,0.0
10389,3,62,788.00,39.4,20,0.0
10389,4,70,360.00,12.0,30,0.0
10390,1,31,540.00,10.0,60,0.1
10390,2,35,518.40,14.4,40,0.1
10390,3,46,432.00,9.6,45,0.0
10390,4,72,600.48,27.8,24,0.1
10391,1,13,86.40,4.8,18,0.0
10392,1,69,1440.00,28.8,50,0.0
10393,1,2,285.00,15.2,25,0.25
10393,2,14,585.90,18.6,42,0.25
10393,3,25,58.80,11.2,7,0.25
10393,4,26,1307.25,24.9,70,0.25
10393,5,31,320.00,10.0,32,0.0
10394,1,13,48.00,4.8,10,0.0
10394,2,62,394.00,39.4,10,0.0
10395,1,46,241.92,9.6,28,0.1
10395,2,53,1650.60,26.2,70,0.1
10395,3,69,230.40,28.8,8,0.0
10396,1,23,288.00,7.2,40,0.0
10396,2,71,1032.00,17.2,60,0.0
10396,3,72,583.80,27.8,21,0.0
10397,1,21,68.00,8.0,10,0.15
10397,2,51,648.72,42.4,18,0.15
10398,1,35,432.00,14.4,30,0.0
10398,2,55,2073.60,19.2,120,0.1
10399,1,68,600.00,10.0,60,0.0
10399,2,71,516.00,17.2,30,0.0
10399,3,76,504.00,14.4,35,0.0
10399,4,77,145.60,10.4,14,0.0
10400,1,29,2079.00,99.0,21,0.0
10400,2,35,504.00,14.4,35,0.0
10400,3,49,480.00,16.0,30,0.0
10401,1,30,372.60,20.7,18,0.0
10401,2,56,2128.00,30.4,70,0.0
10401,3,65,336.00,16.8,20,0.0
10401,4,71,1032.00,17.2,60,0.0
10402,1,23,432.00,7.2,60,0.0
10402,2,63,2281.50,35.1,65,0.0
10403,1,16,248.11,13.9,21,0.15
10403,2,48,606.90,10.2,70,0.15
10404,1,26,709.65,24.9,30,0.05
10404,2,42,425.60,11.2,40,0.05
10404,3,49,456.00,16.0,30,0.05
10405,1,3,400.00,8.0,50,0.0
10406,1,1,144.00,14.4,10,0.0
10406,2,21,216.00,8.0,30,0.1
10406,3,28,1375.92,36.4,42,0.1
10406,4,36,68.40,15.2,5,0.1
10406,5,40,26.46,14.7,2,0.1
10407,1,11,504.00,16.8,30,0.0
10407,2,69,432.00,28.8,15,0.0
10407,3,71,258.00,17.2,15,0.0
10408,1,37,208.00,20.8,10,0.0
10408,2,54,35.40,5.9,6,0.0
10408,3,62,1379.00,39.4,35,0.0
10409,1,14,223.20,18.6,12,0.0
10409,2,21,96.00,8.0,12,0.0
10410,1,33,98.00,2.0,49,0.0
10410,2,59,704.00,44.0,16,0.0
10411,1,41,154.00,7.7,25,0.2
10411,2,44,496.00,15.5,40,0.2
10411,3,59,316.80,44.0,9,0.2
10412,1,14,334.80,18.6,20,0.1
10413,1,1,345.60,14.4,24,0.0
10413,2,62,1576.00,39.4,40,0.0
10413,3,76,201.60,14.4,14,0.0
10414,1,19,124.83,7.3,18,0.05
10414,2,33,100.00,2.0,50,0.0
10415,1,17,62.40,31.2,2,0.0
10415,2,33,40.00,2.0,20,0.0
10416,1,19,146.00,7.3,20,0.0
10416,2,53,262.00,26.2,10,0.0
10416,3,57,312.00,15.6,20,0.0
10417,1,38,10540.00,210.8,50,0.0
10417,2,46,14.40,9.6,2,0.25
10417,3,68,270.00,10.0,36,0.25
10417,4,77,364.00,10.4,35,0.0
10418,1,2,912.00,15.2,60,0.0
10418,2,47,418.00,7.6,55,0.0
10418,3,61,364.80,22.8,16,0.0
10418,4,74,120.00,8.0,15,0.0
10419,1,60,1550.40,27.2,60,0.05
10419,2,69,547.20,28.8,20,0.05
10420,1,9,1396.80,77.6,20,0.1
10420,2,13,8.64,4.8,2,0.1
10420,3,70,86.40,12.0,8,0.1
10420,4,73,216.00,12.0,20,0.1
10421,1,19,24.82,7.3,4,0.15
10421,2,26,747.00,24.9,30,0.0
10421,3,53,334.05,26.2,15,0.15
10421,4,77,88.40,10.4,10,0.15
10422,1,26,49.80,24.9,2,0.0
10423,1,31,140.00,10.0,14,0.0
10423,2,59,880.00,44.0,20,0.0
10424,1,35,691.20,14.4,60,0.2
10424,2,38,8263.36,210.8,49,0.2
10424,3,68,240.00,10.0,30,0.2
10425,1,55,144.00,19.2,10,0.25
10425,2,76,216.00,14.4,20,0.25
10426,1,56,152.00,30.4,5,0.0
10426,2,64,186.20,26.6,7,0.0
10427,1,14,651.00,18.6,35,0.0
10428,1,46,192.00,9.6,20,0.0
10429,1,50,520.00,13.0,40,0.0
10429,2,63,921.37,35.1,35,0.25
10430,1,17,1123.20,31.2,45,0.2
10430,2,21,400.00,8.0,50,0.0
10430,3,56,912.00,30.4,30,0.0
10430,4,59,2464.00,44.0,70,0.2
10431,1,17,1170.00,31.2,50,0.25
10431,2,40,551.25,14.7,50,0.25
10431,3,47,171.00,7.6,30,0.25
10432,1,26,249.00,24.9,10,0.0
10432,2,54,236.00,5.9,40,0.0
10433,1,56,851.20,30.4,28,0.0
10434,1,11,100.80,16.8,6,0.0
10434,2,76,220.32,14.4,18,0.15
10435,1,2,152.00,15.2,10,0.0
10435,2,22,201.60,16.8,12,0.0
10435,3,72,278.00,27.8,10,0.0
10436,1,46,48.00,9.6,5,0.0
10436,2,56,1094.40,30.4,40,0.1
10436,3,64,718.20,26.6,30,0.1
10436,4,75,133.92,6.2,24,0.1
10437,1,53,393.00,26.2,15,0.0
10438,1,19,87.60,7.3,15,0.2
10438,2,34,179.20,11.2,20,0.2
10438,3,57,187.20,15.6,15,0.2
10439,1,12,456.00,30.4,15,0.0
10439,2,16,222.40,13.9,16,0.0
10439,3,64,159.60,26.6,6,0.0
10439,4,74,240.00,8.0,30,0.0
10440,1,2,581.40,15.2,45,0.15
10440,2,16,578.93,13.9,49,0.15
10440,3,29,2019.60,99.0,24,0.15
10440,4,61,1744.20,22.8,90,0.15
10441,1,27,1755.00,35.1,50,0.0
10442,1,11,504.00,16.8,30,0.0
10442,2,54,472.00,5.9,80,0.0
10442,3,66,816.00,13.6,60,0.0
10443,1,11,80.64,16.8,6,0.2
10443,2,28,436.80,36.4,12,0.0
10444,1,17,312.00,31.2,10,0.0
10444,2,26,373.50,24.9,15,0.0
10444,3,35,115.20,14.4,8,0.0
10444,4,41,231.00,7.7,30,0.0
10445,1,39,86.40,14.4,6,0.0
10445,2,54,88.50,5.9,15,0.0
10446,1,19,78.84,7.3,12,0.1
10446,2,24,64.80,3.6,20,0.1
10446,3,31,27.00,10.0,3,0.1
10446,4,52,75.60,5.6,15,0.1
10447,1,19,292.00,7.3,40,0.0
10447,2,65,588.00,16.8,35,0.0
10447,3,71,34.40,17.2,2,0.0
10448,1,26,149.40,24.9,6,0.0
10448,2,40,294.00,14.7,20,0.0
10449,1,10,347.20,24.8,14,0.0
10449,2,52,112.00,5.6,20,0.0
10449,3,62,1379.00,39.4,35,0.0
10450,1,10,396.80,24.8,20,0.2
10450,2,54,28.32,5.9,6,0.2
10451,1,55,2073.60,19.2,120,0.1
10451,2,64,837.90,26.6,35,0.1
10451,3,65,423.36,16.8,28,0.1
10451,4,77,514.80,10.4,55,0.1
10452,1,28,546.00,36.4,15,0.0
10452,2,44,1472.50,15.5,100,0.05
10453,1,48,137.70,10.2,15,0.1
10453,2,70,270.00,12.0,25,0.1
10454,1,16,222.40,13.9,20,0.2
10454,2,33,32.00,2.0,20,0.2
10454,3,46,76.80,9.6,10,0.2
10455,1,39,288.00,14.4,20,0.0
10455,2,53,1310.00,26.2,50,0.0
10455,3,61,570.00,22.8,25,0.0
10455,4,71,516.00,17.2,30,0.0
10456,1,21,272.00,8.0,40,0.15
10456,2,49,285.60,16.0,21,0.15
10457,1,59,1584.00,44.0,36,0.0
10458,1,26,747.00,24.9,30,0.0
10458,2,28,1092.00,36.4,30,0.0
10458,3,43,736.00,36.8,20,0.0
10458,4,56,456.00,30.4,15,0.0
10458,5,71,860.00,17.2,50,0.0
10459,1,7,364.80,24.0,16,0.05
10459,2,46,182.40,9.6,20,0.05
10459,3,72,1112.00,27.8,40,0.0
10460,1,68,157.50,10.0,21,0.25
10460,2,75,18.60,6.2,4,0.25
10461,1,21,240.00,8.0,40,0.25
10461,2,30,434.70,20.7,28,0.25
10461,3,55,864.00,19.2,60,0.25
10462,1,13,4.80,4.8,1,0.0
10462,2,23,151.20,7.2,21,0.0
10463,1,19,153.30,7.3,21,0.0
10463,2,42,560.00,11.2,50,0.0
10464,1,4,225.28,17.6,16,0.2
10464,2,43,110.40,36.8,3,0.0
10464,3,56,729.60,30.4,30,0.2
10464,4,60,544.00,27.2,20,0.0
10465,1,24,90.00,3.6,25,0.0
10465,2,29,1603.80,99.0,18,0.1
10465,3,40,294.00,14.7,20,0.0
10465,4,45,205.20,7.6,30,0.1
10465,5,50,325.00,13.0,25,0.0
10466,1,11,168.00,16.8,10,0.0
10466,2,46,48.00,9.6,5,0.0
10467,1,24,100.80,3.6,28,0.0
10467,2,25,134.40,11.2,12,0.0
10468,1,30,165.60,20.7,8,0.0
10468,2,43,552.00,36.8,15,0.0
10469,1,2,516.80,15.2,40,0.15
10469,2,16,413.52,13.9,35,0.15
10469,3,44,26.35,15.5,2,0.15
10470,1,18,1500.00,50.0,30,0.0
10470,2,23,108.00,7.2,15,0.0
10470,3,64,212.80,26.6,8,0.0
10471,1,7,720.00,24.0,30,0.0
10471,2,56,608.00,30.4,20,0.0
10472,1,24,273.60,3.6,80,0.05
10472,2,51,763.20,42.4,18,0.0
10473,1,33,24.00,2.0,12,0.0
10473,2,71,206.40,17.2,12,0.0
10474,1,14,223.20,18.6,12,0.0
10474,2,28,655.20,36.4,18,0.0
10474,3,40,308.70,14.7,21,0.0
10474,4,75,62.00,6.2,10,0.0
10475,1,31,297.50,10.0,35,0.15
10475,2,66,693.60,13.6,60,0.15
10475,3,76,514.08,14.4,42,0.15
10476,1,55,36.48,19.2,2,0.05
10476,2,70,144.00,12.0,12,0.0
10477,1,1,216.00,14.4,15,0.0
10477,2,21,126.00,8.0,21,0.25
10477,3,39,216.00,14.4,20,0.25
10478,1,10,471.20,24.8,20,0.05
10479,1,38,6324.00,210.8,30,0.0
10479,2,53,733.60,26.2,28,0.0
10479,3,59,2640.00,44.0,60,0.0
10479,4,64,798.00,26.6,30,0.0
10480,1,47,228.00,7.6,30,0.0
10480,2,59,528.00,44.0,12,0.0
10481,1,49,384.00,16.0,24,0.0
10481,2,60,1088.00,27.2,40,0.0
10482,1,40,147.00,14.7,10,0.0
10483,1,34,372.40,11.2,35,0.05
10483,2,77,296.40,10.4,30,0.05
10484,1,21,112.00,8.0,14,0.0
10484,2,40,147.00,14.7,10,0.0
10484,3,51,127.20,42.4,3,0.0
10485,1,2,273.60,15.2,20,0.1
10485,2,3,144.00,8.0,20,0.1
10485,3,55,518.40,19.2,30,0.1
10485,4,70,648.00,12.0,60,0.1
10486,1,11,84.00,16.8,5,0.0
10486,2,51,1060.00,42.4,25,0.0
10486,3,74,128.00,8.0,16,0.0
10487,1,19,36.50,7.3,5,0.0
10487,2,26,747.00,24.9,30,0.0
10487,3,54,106.20,5.9,24,0.25
10488,1,59,1320.00,44.0,30,0.0
10488,2,73,192.00,12.0,20,0.2
10489,1,11,189.00,16.8,15,0.25
10489,2,16,250.20,13.9,18,0.0
10490,1,59,2640.00,44.0,60,0.0
10490,2,68,300.00,10.0,30,0.0
10490,3,75,223.20,6.2,36,0.0
10491,1,44,197.62,15.5,15,0.15
10491,2,77,61.88,10.4,7,0.15
10492,1,25,638.40,11.2,60,0.05
10492,2,42,212.80,11.2,20,0.05
10493,1,65,226.80,16.8,15,0.1
10493,2,66,122.40,13.6,10,0.1
10493,3,69,259.20,28.8,10,0.1
10494,1,56,912.00,30.4,30,0.0
10495,1,23,72.00,7.2,10,0.0
10495,2,41,154.00,7.7,20,0.0
10495,3,77,52.00,10.4,5,0.0
10496,1,31,190.00,10.0,20,0.05
10497,1,56,425.60,30.4,14,0.0
10497,2,72,695.00,27.8,25,0.0
10497,3,77,260.00,10.4,25,0.0
10498,1,24,63.00,4.5,14,0.0
10498,2,40,92.00,18.4,5,0.0
10498,3,42,420.00,14.0,30,0.0
10499,1,28,912.00,45.6,20,0.0
10499,2,49,500.00,20.0,25,0.0
10500,1,15,176.70,15.5,12,0.05
10500,2,28,346.56,45.6,8,0.05
10501,1,54,149.00,7.45,20,0.0
10502,1,45,199.50,9.5,21,0.0
10502,2,53,196.80,32.8,6,0.0
10502,3,67,420.00,14.0,30,0.0
10503,1,14,1627.50,23.25,70,0.0
10503,2,65,421.00,21.05,20,0.0
10504,1,2,228.00,19.0,12,0.0
10504,2,21,120.00,10.0,12,0.0
10504,3,53,328.00,32.8,10,0.0
10504,4,61,712.50,28.5,25,0.0
10505,1,62,147.90,49.3,3,0.0
10506,1,25,226.80,14.0,18,0.1
10506,2,70,189.00,15.0,14,0.1
10507,1,43,586.50,46.0,15,0.15
10507,2,48,162.56,12.75,15,0.15
10508,1,13,60.00,6.0,10,0.0
10508,2,39,180.00,18.0,10,0.0
10509,1,28,136.80,45.6,3,0.0
10510,1,29,4456.44,123.79,36,0.0
10510,2,75,251.10,7.75,36,0.1
10511,1,4,935.00,22.0,50,0.15
10511,2,7,1275.00,30.0,50,0.15
10511,3,8,340.00,40.0,10,0.15
10512,1,24,38.25,4.5,10,0.15
10512,2,46,91.80,12.0,9,0.15
10512,3,47,48.45,9.5,6,0.15
10512,4,60,346.80,34.0,12,0.15
10513,1,21,320.00,10.0,40,0.2
10513,2,32,1280.00,32.0,50,0.2
10513,3,61,342.00,28.5,15,0.2
10514,1,20,3159.00,81.0,39,0.0
10514,2,28,1596.00,45.6,35,0.0
10514,3,56,2660.00,38.0,70,0.0
10514,4,65,820.95,21.05,39,0.0
10514,5,75,387.50,7.75,50,0.0
10515,1,9,1319.20,97.0,16,0.15
10515,2,16,872.50,17.45,50,0.0
10515,3,27,5268.00,43.9,120,0.0
10515,4,33,34.00,2.5,16,0.15
10515,5,60,2427.60,34.0,84,0.15
10516,1,18,1406.25,62.5,25,0.1
10516,2,41,694.80,9.65,80,0.1
10516,3,42,280.00,14.0,20,0.0
10517,1,52,42.00,7.0,6,0.0
10517,2,59,220.00,55.0,4,0.0
10517,3,70,90.00,15.0,6,0.0
10518,1,24,22.50,4.5,5,0.0
10518,2,38,3952.50,263.5,15,0.0
10518,3,44,175.05,19.45,9,0.0
10519,1,10,471.20,31.0,16,0.05
10519,2,56,1520.00,38.0,40,0.0
10519,3,60,323.00,34.0,10,0.05
10520,1,24,36.00,4.5,8,0.0
10520,2,53,164.00,32.8,5,0.0
10521,1,35,54.00,18.0,3,0.0
10521,2,41,96.50,9.65,10,0.0
10521,3,68,75.00,12.5,6,0.0
10522,1,1,576.00,18.0,40,0.2
10522,2,8,960.00,40.0,24,0.0
10522,3,30,414.24,25.89,20,0.2
10522,4,40,368.00,18.4,25,0.2
10523,1,17,877.50,39.0,25,0.1
10523,2,20,1093.50,81.0,15,0.1
10523,3,37,421.20,26.0,18,0.1
10523,4,41,52.11,9.65,6,0.1
10524,1,10,62.00,31.0,2,0.0
10524,2,30,258.90,25.89,10,0.0
10524,3,43,2760.00,46.0,60,0.0
10524,4,54,111.75,7.45,15,0.0
10525,1,36,570.00,19.0,30,0.0
10525,2,40,248.40,18.4,15,0.1
10526,1,1,122.40,18.0,8,0.15
10526,2,13,60.00,6.0,10,0.0
10526,3,56,969.00,38.0,30,0.15
10527,1,4,990.00,22.0,50,0.1
10527,2,36,513.00,19.0,30,0.1
10528,1,11,63.00,21.0,3,0.0
10528,2,33,16.00,2.5,8,0.2
10528,3,72,313.20,34.8,9,0.0
10529,1,55,336.00,24.0,14,0.0
10529,2,68,250.00,12.5,20,0.0
10529,3,69,360.00,36.0,10,0.0
10530,1,17,1560.00,39.0,40,0.0
10530,2,43,1150.00,46.0,25,0.0
10530,3,61,570.00,28.5,20,0.0
10530,4,76,900.00,18.0,50,0.0
10531,1,59,110.00,55.0,2,0.0
10532,1,30,388.35,25.89,15,0.0
10532,2,66,408.00,17.0,24,0.0
10533,1,4,1045.00,22.0,50,0.05
10533,2,72,835.20,34.8,24,0.0
10533,3,73,342.00,15.0,24,0.05
10534,1,30,258.90,25.89,10,0.0
10534,2,40,147.20,18.4,10,0.2
10534,3,54,59.60,7.45,10,0.2
10535,1,11,945.00,21.0,50,0.1
10535,2,40,165.60,18.4,10,0.1
10535,3,57,87.75,19.5,5,0.1
10535,4,59,742.50,55.0,15,0.1
10536,1,12,427.50,38.0,15,0.25
10536,2,31,250.00,12.5,20,0.0
10536,3,33,75.00,2.5,30,0.0
10536,4,60,892.50,34.0,35,0.25
10537,1,31,375.00,12.5,30,0.0
10537,2,51,318.00,53.0,6,0.0
10537,3,58,265.00,13.25,20,0.0
10537,4,72,730.80,34.8,21,0.0
10537,5,73,135.00,15.0,9,0.0
10538,1,70,105.00,15.0,7,0.0
10538,2,72,34.80,34.8,1,0.0
10539,1,13,48.00,6.0,8,0.0
10539,2,21,150.00,10.0,15,0.0
10539,3,33,37.50,2.5,15,0.0
10539,4,49,120.00,20.0,6,0.0
10540,1,3,600.00,10.0,60,0.0
10540,2,26,1249.20,31.23,40,0.0
10540,3,38,7905.00,263.5,30,0.0
10540,4,68,437.50,12.5,35,0.0
10541,1,24,141.75,4.5,35,0.1
10541,2,38,948.60,263.5,4,0.1
10541,3,65,682.02,21.05,36,0.1
10541,4,71,174.15,21.5,9,0.1
10542,1,11,299.25,21.0,15,0.05
10542,2,54,169.86,7.45,24,0.05
10543,1,12,969.00,38.0,30,0.15
10543,2,23,535.50,9.0,70,0.15
10544,1,28,319.20,45.6,7,0.0
10544,2,67,98.00,14.0,7,0.0
10545,1,11,210.00,21.0,10,0.0
10546,1,7,300.00,30.0,10,0.0
10546,2,35,540.00,18.0,30,0.0
10546,3,62,1972.00,49.3,40,0.0
10547,1,32,652.80,32.0,24,0.15
10547,2,36,1140.00,19.0,60,0.0
10548,1,34,105.00,14.0,10,0.25
10548,2,41,135.10,9.65,14,0.0
10549,1,31,584.37,12.5,55,0.15
10549,2,45,807.50,9.5,100,0.15
10549,3,51,2162.40,53.0,48,0.15
10550,1,17,280.80,39.0,8,0.1
10550,2,19,92.00,9.2,10,0.0
10550,3,21,54.00,10.0,6,0.1
10550,4,61,256.50,28.5,10,0.1
10551,1,16,593.30,17.45,40,0.15
10551,2,35,306.00,18.0,20,0.15
10551,3,44,778.00,19.45,40,0.0
10552,1,69,648.00,36.0,18,0.0
10552,2,75,232.50,7.75,30,0.0
10553,1,11,315.00,21.0,15,0.0
10553,2,16,244.30,17.45,14,0.0
10553,3,22,504.00,21.0,24,0.0
10553,4,31,375.00,12.5,30,0.0
10553,5,35,108.00,18.0,6,0.0
10554,1,16,497.33,17.45,30,0.05
10554,2,23,171.00,9.0,20,0.05
10554,3,62,936.70,49.3,20,0.05
10554,4,77,123.50,13.0,10,0.05
10555,1,14,558.00,23.25,30,0.2
10555,2,19,257.60,9.2,35,0.2
10555,3,24,64.80,4.5,18,0.2
10555,4,51,848.00,53.0,20,0.2
10555,5,56,1216.00,38.0,40,0.2
10556,1,72,835.20,34.8,24,0.0
10557,1,64,997.50,33.25,30,0.0
10557,2,75,155.00,7.75,20,0.0
10558,1,47,237.50,9.5,25,0.0
10558,2,51,1060.00,53.0,20,0.0
10558,3,52,210.00,7.0,30,0.0
10558,4,53,590.40,32.8,18,0.0
10558,5,73,45.00,15.0,3,0.0
10559,1,41,110.01,9.65,12,0.05
10559,2,55,410.40,24.0,18,0.05
10560,1,30,517.80,25.89,20,0.0
10560,2,62,554.62,49.3,15,0.25
10561,1,44,194.50,19.45,10,0.0
10561,2,51,2650.00,53.0,50,0.0
10562,1,33,45.00,2.5,20,0.1
10562,2,62,443.70,49.3,10,0.1
10563,1,36,475.00,19.0,25,0.0
10563,2,52,490.00,7.0,70,0.0
10564,1,17,592.80,39.0,16,0.05
10564,2,31,71.25,12.5,6,0.05
10564,3,55,570.00,24.0,25,0.05
10565,1,24,101.25,4.5,25,0.1
10565,2,64,538.65,33.25,18,0.1
10566,1,11,624.75,21.0,35,0.15
10566,2,18,956.25,62.5,18,0.15
10566,3,76,180.00,18.0,10,0.0
10567,1,31,600.00,12.5,60,0.2
10567,2,51,159.00,53.0,3,0.0
10567,3,59,1760.00,55.0,40,0.2
10568,1,10,155.00,31.0,5,0.0
10569,1,31,350.00,12.5,35,0.2
10569,2,76,540.00,18.0,30,0.0
10570,1,11,299.25,21.0,15,0.05
10570,2,56,2166.00,38.0,60,0.05
10571,1,14,217.39,23.25,11,0.15
10571,2,42,333.20,14.0,28,0.15
10572,1,16,188.46,17.45,12,0.1
10572,2,32,288.00,32.0,10,0.1
10572,3,40,920.00,18.4,50,0.0
10572,4,75,104.62,7.75,15,0.1
10573,1,17,702.00,39.0,18,0.0
10573,2,34,560.00,14.0,40,0.0
10573,3,53,820.00,32.8,25,0.0
10574,1,33,35.00,2.5,14,0.0
10574,2,40,36.80,18.4,2,0.0
10574,3,62,493.00,49.3,10,0.0
10574,4,64,199.50,33.25,6,0.0
10575,1,59,660.00,55.0,12,0.0
10575,2,63,263.40,43.9,6,0.0
10575,3,72,1044.00,34.8,30,0.0
10575,4,76,180.00,18.0,10,0.0
10576,1,1,180.00,18.0,10,0.0
10576,2,31,250.00,12.5,20,0.0
10576,3,44,408.45,19.45,21,0.0
10577,1,39,180.00,18.0,10,0.0
10577,2,75,155.00,7.75,20,0.0
10577,3,77,234.00,13.0,18,0.0
10578,1,35,360.00,18.0,20,0.0
10578,2,57,117.00,19.5,6,0.0
10579,1,15,155.00,15.5,10,0.0
10579,2,75,162.75,7.75,21,0.0
10580,1,14,331.31,23.25,15,0.05
10580,2,41,82.51,9.65,9,0.05
10580,3,65,599.92,21.05,30,0.05
10581,1,75,310.00,7.75,50,0.2
10582,1,57,78.00,19.5,4,0.0
10582,2,76,252.00,18.0,14,0.0
10583,1,29,1237.90,123.79,10,0.0
10583,2,60,693.60,34.0,24,0.15
10583,3,69,306.00,36.0,10,0.15
10584,1,31,593.75,12.5,50,0.05
10585,1,47,142.50,9.5,15,0.0
10586,1,52,23.80,7.0,4,0.15
10587,1,26,187.38,31.23,6,0.0
10587,2,35,360.00,18.0,20,0.0
10587,3,77,260.00,13.0,20,0.0
10588,1,18,2000.00,62.5,40,0.2
10588,2,42,1120.00,14.0,100,0.2
10589,1,35,72.00,18.0,4,0.0
10590,1,1,360.00,18.0,20,0.0
10590,2,77,741.00,13.0,60,0.05
10591,1,3,140.00,10.0,14,0.0
10591,2,7,300.00,30.0,10,0.0
10591,3,54,372.50,7.45,50,0.0
10592,1,15,368.12,15.5,25,0.05
10592,2,26,148.34,31.23,5,0.05
10593,1,20,1360.80,81.0,21,0.2
10593,2,69,576.00,36.0,20,0.2
10593,3,76,57.60,18.0,4,0.2
10594,1,52,168.00,7.0,24,0.0
10594,2,58,397.50,13.25,30,0.0
10595,1,35,405.00,18.0,30,0.25
10595,2,61,2565.00,28.5,120,0.25
10595,3,69,1755.00,36.0,65,0.25
10596,1,56,152.00,38.0,5,0.2
10596,2,63,842.88,43.9,24,0.2
10596,3,75,186.00,7.75,30,0.2
10597,1,24,126.00,4.5,35,0.2
10597,2,57,390.00,19.5,20,0.0
10597,3,65,202.08,21.05,12,0.2
10598,1,27,2195.00,43.9,50,0.0
10598,2,71,193.50,21.5,9,0.0
10599,1,62,493.00,49.3,10,0.0
10600,1,54,29.80,7.45,4,0.0
10600,2,73,450.00,15.0,30,0.0
10601,1,13,360.00,6.0,60,0.0
10601,2,59,1925.00,55.0,35,0.0
10602,1,77,48.75,13.0,5,0.25
10603,1,22,1008.00,21.0,48,0.0
10603,2,49,475.00,20.0,25,0.05
10604,1,48,68.85,12.75,6,0.1
10604,2,76,162.00,18.0,10,0.1
10605,1,16,497.33,17.45,30,0.05
10605,2,59,1045.00,55.0,20,0.05
10605,3,60,2261.00,34.0,70,0.05
10605,4,71,306.37,21.5,15,0.05
10606,1,4,352.00,22.0,20,0.2
10606,2,55,384.00,24.0,20,0.2
10606,3,62,394.40,49.3,10,0.2
10607,1,7,1350.00,30.0,45,0.0
10607,2,17,3900.00,39.0,100,0.0
10607,3,33,35.00,2.5,14,0.0
10607,4,40,772.80,18.4,42,0.0
10607,5,72,417.60,34.8,12,0.0
10608,1,56,1064.00,38.0,28,0.0
10609,1,1,54.00,18.0,3,0.0
10609,2,10,310.00,31.0,10,0.0
10609,3,21,60.00,10.0,6,0.0
10610,1,36,299.25,19.0,21,0.25
10611,1,1,108.00,18.0,6,0.0
10611,2,2,190.00,19.0,10,0.0
10611,3,60,510.00,34.0,15,0.0
10612,1,10,2170.00,31.0,70,0.0
10612,2,36,1045.00,19.0,55,0.0
10612,3,49,360.00,20.0,18,0.0
10612,4,60,1360.00,34.0,40,0.0
10612,5,76,1440.00,18.0,80,0.0
10613,1,13,43.20,6.0,8,0.1
10613,2,75,310.00,7.75,40,0.0
10614,1,11,294.00,21.0,14,0.0
10614,2,21,80.00,10.0,8,0.0
10614,3,39,90.00,18.0,5,0.0
10615,1,55,120.00,24.0,5,0.0
10616,1,38,3754.87,263.5,15,0.05
10616,2,56,532.00,38.0,14,0.0
10616,3,70,213.75,15.0,15,0.05
10616,4,71,306.37,21.5,15,0.05
10617,1,59,1402.50,55.0,30,0.15
10618,1,6,1750.00,25.0,70,0.0
10618,2,56,760.00,38.0,20,0.0
10618,3,68,187.50,12.5,15,0.0
10619,1,21,420.00,10.0,42,0.0
10619,2,22,840.00,21.0,40,0.0
10620,1,24,22.50,4.5,5,0.0
10620,2,52,35.00,7.0,5,0.0
10621,1,19,46.00,9.2,5,0.0
10621,2,23,90.00,9.0,10,0.0
10621,3,70,300.00,15.0,20,0.0
10621,4,71,322.50,21.5,15,0.0
10622,1,2,380.00,19.0,20,0.0
10622,2,68,180.00,12.5,18,0.2
10623,1,14,488.25,23.25,21,0.0
10623,2,19,124.20,9.2,15,0.1
10623,3,21,225.00,10.0,25,0.1
10623,4,24,13.50,4.5,3,0.0
10623,5,35,486.00,18.0,30,0.1
10624,1,28,456.00,45.6,10,0.0
10624,2,29,742.74,123.79,6,0.0
10624,3,44,194.50,19.45,10,0.0
10625,1,14,69.75,23.25,3,0.0
10625,2,42,70.00,14.0,5,0.0
10625,3,60,340.00,34.0,10,0.0
10626,1,53,393.60,32.8,12,0.0
10626,2,60,680.00,34.0,20,0.0
10626,3,71,430.00,21.5,20,0.0
10627,1,62,739.50,49.3,15,0.0
10627,2,73,446.25,15.0,35,0.15
10628,1,1,450.00,18.0,25,0.0
10629,1,29,2475.80,123.79,20,0.0
10629,2,64,299.25,33.25,9,0.0
10630,1,55,273.60,24.0,12,0.05
10630,2,76,630.00,18.0,35,0.0
10631,1,75,55.80,7.75,8,0.1
10632,1,2,541.50,19.0,30,0.05
10632,2,33,47.50,2.5,20,0.05
10633,1,12,1162.80,38.0,36,0.15
10633,2,13,66.30,6.0,13,0.15
10633,3,26,929.09,31.23,35,0.15
10633,4,62,3352.40,49.3,80,0.15
10634,1,7,1050.00,30.0,35,0.0
10634,2,18,3125.00,62.5,50,0.0
10634,3,51,795.00,53.0,15,0.0
10634,4,75,15.50,7.75,2,0.0
10635,1,4,198.00,22.0,10,0.1
10635,2,5,288.23,21.35,15,0.1
10635,3,22,840.00,21.0,40,0.0
10636,1,4,550.00,22.0,25,0.0
10636,2,58,79.50,13.25,6,0.0
10637,1,11,210.00,21.0,10,0.0
10637,2,50,385.94,16.25,25,0.05
10637,3,56,2166.00,38.0,60,0.05
10638,1,45,190.00,9.5,20,0.0
10638,2,65,442.05,21.05,21,0.0
10638,3,72,2088.00,34.8,60,0.0
10639,1,18,500.00,62.5,8,0.0
10640,1,69,540.00,36.0,20,0.25
10640,2,70,168.75,15.0,15,0.25
10641,1,2,950.00,19.0,50,0.0
10641,2,40,1104.00,18.4,60,0.0
10642,1,21,240.00,10.0,30,0.2
10642,2,61,456.00,28.5,20,0.2
10643,1,28,513.00,45.6,15,0.25
10643,2,39,283.50,18.0,21,0.25
10643,3,46,18.00,12.0,2,0.25
10644,1,18,225.00,62.5,4,0.1
10644,2,43,920.00,46.0,20,0.0
10644,3,46,226.80,12.0,21,0.1
10645,1,18,1250.00,62.5,20,0.0
10645,2,36,285.00,19.0,15,0.0
10646,1,1,202.50,18.0,15,0.25
10646,2,10,418.50,31.0,18,0.25
10646,3,71,483.75,21.5,30,0.25
10646,4,77,341.25,13.0,35,0.25
10647,1,19,276.00,9.2,30,0.0
10647,2,39,360.00,18.0,20,0.0
10648,1,22,315.00,21.0,15,0.0
10648,2,24,57.37,4.5,15,0.15
10649,1,28,912.00,45.6,20,0.0
10649,2,72,522.00,34.8,15,0.0
10650,1,30,776.70,25.89,30,0.0
10650,2,53,779.00,32.8,25,0.05
10650,3,54,223.50,7.45,30,0.0
10651,1,19,82.80,9.2,12,0.25
10651,2,22,315.00,21.0,20,0.25
10652,1,30,38.83,25.89,2,0.25
10652,2,42,280.00,14.0,20,0.0
10653,1,16,471.15,17.45,30,0.1
10653,2,60,612.00,34.0,20,0.1
10654,1,4,237.60,22.0,12,0.1
10654,2,39,324.00,18.0,20,0.1
10654,3,54,40.23,7.45,6,0.1
10655,1,41,154.40,9.65,20,0.2
10656,1,14,62.77,23.25,3,0.1
10656,2,44,490.14,19.45,28,0.1
10656,3,47,51.30,9.5,6,0.1
10657,1,15,775.00,15.5,50,0.0
10657,2,41,231.60,9.65,24,0.0
10657,3,46,540.00,12.0,45,0.0
10657,4,47,95.00,9.5,10,0.0
10657,5,56,1710.00,38.0,45,0.0
10657,6,60,1020.00,34.0,30,0.0
10658,1,21,600.00,10.0,60,0.0
10658,2,40,1223.60,18.4,70,0.05
10658,3,60,1776.50,34.0,55,0.05
10658,4,77,864.50,13.0,70,0.05
10659,1,31,237.50,12.5,20,0.05
10659,2,40,419.52,18.4,24,0.05
10659,3,70,570.00,15.0,40,0.05
10660,1,20,1701.00,81.0,21,0.0
10661,1,39,43.20,18.0,3,0.2
10661,2,58,519.40,13.25,49,0.2
10662,1,68,125.00,12.5,10,0.0
10663,1,40,524.40,18.4,30,0.05
10663,2,42,399.00,14.0,30,0.05
10663,3,51,1007.00,53.0,20,0.05
10664,1,10,632.40,31.0,24,0.15
10664,2,56,387.60,38.0,12,0.15
10664,3,65,268.39,21.05,15,0.15
10665,1,51,1060.00,53.0,20,0.0
10665,2,59,55.00,55.0,1,0.0
10665,3,76,180.00,18.0,10,0.0
10666,1,29,4456.44,123.79,36,0.0
10666,2,65,210.50,21.05,10,0.0
10667,1,69,1296.00,36.0,45,0.2
10667,2,71,240.80,21.5,14,0.2
10668,1,31,90.00,12.5,8,0.1
10668,2,55,86.40,24.0,4,0.1
10668,3,64,448.87,33.25,15,0.1
10669,1,36,570.00,19.0,30,0.0
10670,1,23,288.00,9.0,32,0.0
10670,2,46,720.00,12.0,60,0.0
10670,3,67,350.00,14.0,25,0.0
10670,4,73,750.00,15.0,50,0.0
10670,5,75,193.75,7.75,25,0.0
10671,1,16,174.50,17.45,10,0.0
10671,2,62,493.00,49.3,10,0.0
10671,3,65,252.60,21.05,12,0.0
10672,1,38,3557.25,263.5,15,0.1
10672,2,71,258.00,21.5,12,0.0
10673,1,16,52.35,17.45,3,0.0
10673,2,42,84.00,14.0,6,0.0
10673,3,43,276.00,46.0,6,0.0
10674,1,23,45.00,9.0,5,0.0
10675,1,14,697.50,23.25,30,0.0
10675,2,53,328.00,32.8,10,0.0
10675,3,58,397.50,13.25,30,0.0
10676,1,10,62.00,31.0,2,0.0
10676,2,19,64.40,9.2,7,0.0
10676,3,44,408.45,19.45,21,0.0
10677,1,26,796.36,31.23,30,0.15
10677,2,33,17.00,2.5,8,0.15
10678,1,12,3800.00,38.0,100,0.0
10678,2,33,75.00,2.5,30,0.0
10678,3,41,1158.00,9.65,120,0.0
10678,4,54,223.50,7.45,30,0.0
10679,1,59,660.00,55.0,12,0.0
10680,1,16,654.38,17.45,50,0.25
10680,2,31,187.50,12.5,20,0.25
10680,3,42,420.00,14.0,40,0.25
10681,1,19,248.40,9.2,30,0.1
10681,2,21,108.00,10.0,12,0.1
10681,3,64,931.00,33.25,28,0.0
10682,1,33,75.00,2.5,30,0.0
10682,2,66,68.00,17.0,4,0.0
10682,3,75,232.50,7.75,30,0.0
10683,1,52,63.00,7.0,9,0.0
10684,1,40,368.00,18.4,20,0.0
10684,2,47,380.00,9.5,40,0.0
10684,3,60,1020.00,34.0,30,0.0
10685,1,10,620.00,31.0,20,0.0
10685,2,41,38.60,9.65,4,0.0
10685,3,47,142.50,9.5,15,0.0
10686,1,17,936.00,39.0,30,0.2
10686,2,26,468.45,31.23,15,0.0
10687,1,9,3637.50,97.0,50,0.25
10687,2,29,1237.90,123.79,10,0.0
10687,3,36,85.50,19.0,6,0.25
10688,1,10,502.20,31.0,18,0.1
10688,2,28,2462.40,45.6,60,0.1
10688,3,34,196.00,14.0,14,0.0
10689,1,1,472.50,18.0,35,0.25
10690,1,56,570.00,38.0,20,0.25
10690,2,77,292.50,13.0,30,0.25
10691,1,1,540.00,18.0,30,0.0
10691,2,29,4951.60,123.79,40,0.0
10691,3,43,1840.00,46.0,40,0.0
10691,4,44,466.80,19.45,24,0.0
10691,5,62,2366.40,49.3,48,0.0
10692,1,63,878.00,43.9,20,0.0
10693,1,9,582.00,97.0,6,0.0
10693,2,54,379.95,7.45,60,0.15
10693,3,69,918.00,36.0,30,0.15
10693,4,73,191.25,15.0,15,0.15
10694,1,7,2700.00,30.0,90,0.0
10694,2,59,1375.00,55.0,25,0.0
10694,3,70,750.00,15.0,50,0.0
10695,1,8,400.00,40.0,10,0.0
10695,2,12,152.00,38.0,4,0.0
10695,3,24,90.00,4.5,20,0.0
10696,1,17,780.00,39.0,20,0.0
10696,2,46,216.00,12.0,18,0.0
10697,1,19,48.30,9.2,7,0.25
10697,2,35,121.50,18.0,9,0.25
10697,3,58,298.13,13.25,30,0.25
10697,4,70,337.50,15.0,30,0.25
10698,1,11,315.00,21.0,15,0.0
10698,2,17,296.40,39.0,8,0.05
10698,3,29,1411.21,123.79,12,0.05
10698,4,65,1299.84,21.05,65,0.05
10698,5,70,114.00,15.0,8,0.05
10699,1,47,114.00,9.5,12,0.0
10700,1,1,72.00,18.0,5,0.2
10700,2,34,134.40,14.0,12,0.2
10700,3,68,400.00,12.5,40,0.2
10700,4,71,1032.00,21.5,60,0.2
10701,1,59,1963.50,55.0,42,0.15
10701,2,71,365.50,21.5,20,0.15
10701,3,76,535.50,18.0,35,0.15
10702,1,3,60.00,10.0,6,0.0
10702,2,76,270.00,18.0,15,0.0
10703,1,2,95.00,19.0,5,0.0
10703,2,59,1925.00,55.0,35,0.0
10703,3,73,525.00,15.0,35,0.0
10704,1,4,132.00,22.0,6,0.0
10704,2,24,157.50,4.5,35,0.0
10704,3,48,306.00,12.75,24,0.0
10705,1,31,250.00,12.5,20,0.0
10705,2,32,128.00,32.0,4,0.0
10706,1,16,349.00,17.45,20,0.0
10706,2,43,1104.00,46.0,24,0.0
10706,3,59,440.00,55.0,8,0.0
10707,1,55,504.00,24.0,21,0.0
10707,2,57,780.00,19.5,40,0.0
10707,3,70,357.00,15.0,28,0.15
10708,1,5,85.40,21.35,4,0.0
10708,2,36,95.00,19.0,5,0.0
10709,1,8,1600.00,40.0,40,0.0
10709,2,51,1484.00,53.0,28,0.0
10709,3,60,340.00,34.0,10,0.0
10710,1,19,46.00,9.2,5,0.0
10710,2,47,47.50,9.5,5,0.0
10711,1,19,110.40,9.2,12,0.0
10711,2,41,405.30,9.65,42,0.0
10711,3,53,3936.00,32.8,120,0.0
10712,1,53,93.48,32.8,3,0.05
10712,2,56,1140.00,38.0,30,0.0
10713,1,10,558.00,31.0,18,0.0
10713,2,26,936.90,31.23,30,0.0
10713,3,45,1045.00,9.5,110,0.0
10713,4,46,288.00,12.0,24,0.0
10714,1,2,427.50,19.0,30,0.25
10714,2,17,789.75,39.0,27,0.25
10714,3,47,356.25,9.5,50,0.25
10714,4,56,513.00,38.0,18,0.25
10714,5,58,119.25,13.25,12,0.25
10715,1,10,651.00,31.0,21,0.0
10715,2,71,645.00,21.5,30,0.0
10716,1,21,50.00,10.0,5,0.0
10716,2,51,371.00,53.0,7,0.0
10716,3,61,285.00,28.5,10,0.0
10717,1,21,304.00,10.0,32,0.05
10717,2,54,111.75,7.45,15,0.0
10717,3,69,855.00,36.0,25,0.05
10718,1,12,1368.00,38.0,36,0.0
10718,2,16,349.00,17.45,20,0.0
10718,3,36,760.00,19.0,40,0.0
10718,4,62,986.00,49.3,20,0.0
10719,1,18,562.50,62.5,12,0.25
10719,2,30,58.25,25.89,3,0.25
10719,3,54,223.50,7.45,40,0.25
10720,1,35,378.00,18.0,21,0.0
10720,2,71,172.00,21.5,8,0.0
10721,1,44,923.88,19.45,50,0.05
10722,1,2,57.00,19.0,3,0.0
10722,2,31,625.00,12.5,50,0.0
10722,3,68,562.50,12.5,45,0.0
10722,4,75,325.50,7.75,42,0.0
10723,1,26,468.45,31.23,15,0.0
10724,1,10,496.00,31.0,16,0.0
10724,2,61,142.50,28.5,5,0.0
10725,1,41,115.80,9.65,12,0.0
10725,2,52,28.00,7.0,4,0.0
10725,3,55,144.00,24.0,6,0.0
10726,1,4,550.00,22.0,25,0.0
10726,2,11,105.00,21.0,5,0.0
10727,1,17,741.00,39.0,20,0.05
10727,2,56,361.00,38.0,10,0.05
10727,3,59,522.50,55.0,10,0.05
10728,1,30,388.35,25.89,15,0.0
10728,2,40,110.40,18.4,6,0.0
10728,3,55,288.00,24.0,12,0.0
10728,4,60,510.00,34.0,15,0.0
10729,1,1,900.00,18.0,50,0.0
10729,2,21,300.00,10.0,30,0.0
10729,3,50,650.00,16.25,40,0.0
10730,1,16,248.66,17.45,15,0.05
10730,2,31,35.62,12.5,3,0.05
10730,3,65,199.97,21.05,10,0.05
10731,1,21,380.00,10.0,40,0.05
10731,2,51,1510.50,53.0,30,0.05
10732,1,76,360.00,18.0,20,0.0
10733,1,14,372.00,23.25,16,0.0
10733,2,28,912.00,45.6,20,0.0
10733,3,52,175.00,7.0,25,0.0
10734,1,6,750.00,25.0,30,0.0
10734,2,30,388.35,25.89,15,0.0
10734,3,76,360.00,18.0,20,0.0
10735,1,61,513.00,28.5,20,0.1
10735,2,77,23.40,13.0,2,0.1
10736,1,65,842.00,21.05,40,0.0
10736,2,75,155.00,7.75,20,0.0
10737,1,13,24.00,6.0,4,0.0
10737,2,41,115.80,9.65,12,0.0
10738,1,16,52.35,17.45,3,0.0
10739,1,36,114.00,19.0,6,0.0
10739,2,52,126.00,7.0,18,0.0
10740,1,28,182.40,45.6,5,0.2
10740,2,35,504.00,18.0,35,0.2
10740,3,45,304.00,9.5,40,0.2
10740,4,56,425.60,38.0,14,0.2
10741,1,2,228.00,19.0,15,0.2
10742,1,3,200.00,10.0,20,0.0
10742,2,60,1700.00,34.0,50,0.0
10742,3,72,1218.00,34.8,35,0.0
10743,1,46,319.20,12.0,28,0.05
10744,1,40,736.00,18.4,50,0.2
10745,1,18,1500.00,62.5,24,0.0
10745,2,44,311.20,19.45,16,0.0
10745,3,59,2475.00,55.0,45,0.0
10745,4,72,243.60,34.8,7,0.0
10746,1,13,36.00,6.0,6,0.0
10746,2,42,392.00,14.0,28,0.0
10746,3,62,443.70,49.3,9,0.0
10746,4,69,1440.00,36.0,40,0.0
10747,1,31,100.00,12.5,8,0.0
10747,2,41,337.75,9.65,35,0.0
10747,3,63,395.10,43.9,9,0.0
10747,4,69,1080.00,36.0,30,0.0
10748,1,23,396.00,9.0,44,0.0
10748,2,40,736.00,18.4,40,0.0
10748,3,56,1064.00,38.0,28,0.0
10749,1,56,570.00,38.0,15,0.0
10749,2,59,330.00,55.0,6,0.0
10749,3,76,180.00,18.0,10,0.0
10750,1,14,98.81,23.25,5,0.15
10750,2,45,323.00,9.5,40,0.15
10750,3,59,1168.75,55.0,25,0.15
10751,1,26,337.28,31.23,12,0.1
10751,2,30,776.70,25.89,30,0.0
10751,3,50,292.50,16.25,20,0.1
10751,4,73,225.00,15.0,15,0.0
10752,1,1,144.00,18.0,8,0.0
10752,2,69,108.00,36.0,3,0.0
10753,1,45,38.00,9.5,4,0.0
10753,2,74,50.00,10.0,5,0.0
10754,1,40,55.20,18.4,3,0.0
10755,1,47,213.75,9.5,30,0.25
10755,2,56,855.00,38.0,30,0.25
10755,3,57,204.75,19.5,14,0.25
10755,4,69,675.00,36.0,25,0.25
10756,1,18,1050.00,62.5,21,0.2
10756,2,36,304.00,19.0,20,0.2
10756,3,68,60.00,12.5,6,0.2
10756,4,69,576.00,36.0,20,0.2
10757,1,34,420.00,14.0,30,0.0
10757,2,59,385.00,55.0,7,0.0
10757,3,62,1479.00,49.3,30,0.0
10757,4,64,798.00,33.25,24,0.0
10758,1,26,624.60,31.23,20,0.0
10758,2,52,420.00,7.0,60,0.0
10758,3,70,600.00,15.0,40,0.0
10759,1,32,320.00,32.0,10,0.0
10760,1,25,126.00,14.0,12,0.25
10760,2,27,1756.00,43.9,40,0.0
10760,3,43,1035.00,46.0,30,0.25
10761,1,25,367.50,14.0,35,0.25
10761,2,75,139.50,7.75,18,0.0
10762,1,39,288.00,18.0,16,0.0
10762,2,47,285.00,9.5,30,0.0
10762,3,51,1484.00,53.0,28,0.0
10762,4,56,2280.00,38.0,60,0.0
10763,1,21,400.00,10.0,40,0.0
10763,2,22,126.00,21.0,6,0.0
10763,3,24,90.00,4.5,20,0.0
10764,1,3,180.00,10.0,20,0.1
10764,2,39,2106.00,18.0,130,0.1
10765,1,65,1515.60,21.05,80,0.1
10766,1,2,760.00,19.0,40,0.0
10766,2,7,1050.00,30.0,35,0.0
10766,3,68,500.00,12.5,40,0.0
10767,1,42,28.00,14.0,2,0.0
10768,1,22,84.00,21.0,4,0.0
10768,2,31,625.00,12.5,50,0.0
10768,3,60,510.00,34.0,15,0.0
10768,4,71,258.00,21.5,12,0.0
10769,1,41,275.02,9.65,30,0.05
10769,2,52,99.75,7.0,15,0.05
10769,3,61,570.00,28.5,20,0.0
10769,4,62,739.50,49.3,15,0.0
10770,1,11,236.25,21.0,15,0.25
10771,1,71,344.00,21.5,16,0.0
10772,1,29,2228.22,123.79,18,0.0
10772,2,59,1375.00,55.0,25,0.0
10773,1,17,1287.00,39.0,33,0.0
10773,2,31,700.00,12.5,70,0.2
10773,3,75,43.40,7.75,7,0.2
10774,1,31,18.75,12.5,2,0.25
10774,2,66,850.00,17.0,50,0.0
10775,1,10,186.00,31.0,6,0.0
10775,2,67,42.00,14.0,3,0.0
10776,1,31,190.00,12.5,16,0.05
10776,2,42,159.60,14.0,12,0.05
10776,3,45,243.67,9.5,27,0.05
10776,4,51,6042.00,53.0,120,0.05
10777,1,42,224.00,14.0,20,0.2
10778,1,41,96.50,9.65,10,0.0
10779,1,16,349.00,17.45,20,0.0
10779,2,62,986.00,49.3,20,0.0
10780,1,70,525.00,15.0,35,0.0
10780,2,77,195.00,13.0,15,0.0
10781,1,54,17.88,7.45,3,0.2
10781,2,56,608.00,38.0,20,0.2
10781,3,74,350.00,10.0,35,0.0
10782,1,31,12.50,12.5,1,0.0
10783,1,31,125.00,12.5,10,0.0
10783,2,38,1317.50,263.5,5,0.0
10784,1,36,570.00,19.0,30,0.0
10784,2,39,30.60,18.0,2,0.15
10784,3,72,887.40,34.8,30,0.15
10785,1,10,310.00,31.0,10,0.0
10785,2,75,77.50,7.75,10,0.0
10786,1,8,960.00,40.0,30,0.2
10786,2,30,310.68,25.89,15,0.2
10786,3,75,260.40,7.75,42,0.2
10787,1,2,270.75,19.0,15,0.05
10787,2,29,2352.01,123.79,20,0.05
10788,1,19,437.00,9.2,50,0.05
10788,2,75,294.50,7.75,40,0.05
10789,1,18,1875.00,62.5,30,0.0
10789,2,35,270.00,18.0,15,0.0
10789,3,63,1317.00,43.9,30,0.0
10789,4,68,225.00,12.5,18,0.0
10790,1,7,76.50,30.0,3,0.15
10790,2,56,646.00,38.0,20,0.15
10791,1,29,1646.41,123.79,14,0.05
10791,2,41,183.35,9.65,20,0.05
10792,1,2,190.00,19.0,10,0.0
10792,2,54,22.35,7.45,3,0.0
10792,3,68,187.50,12.5,15,0.0
10793,1,41,135.10,9.65,14,0.0
10793,2,52,56.00,7.0,8,0.0
10794,1,14,279.00,23.25,15,0.2
10794,2,54,35.76,7.45,6,0.2
10795,1,16,1134.25,17.45,65,0.0
10795,2,17,1023.75,39.0,35,0.25
10796,1,26,524.66,31.23,21,0.2
10796,2,44,194.50,19.45,10,0.0
10796,3,64,931.00,33.25,35,0.2
10796,4,69,691.20,36.0,24,0.2
10797,1,11,420.00,21.0,20,0.0
10798,1,62,98.60,49.3,2,0.0
10798,2,72,348.00,34.8,10,0.0
10799,1,13,102.00,6.0,20,0.15
10799,2,24,76.50,4.5,20,0.15
10799,3,59,1375.00,55.0,25,0.0
10800,1,11,945.00,21.0,50,0.1
10800,2,51,477.00,53.0,10,0.1
10800,3,54,46.93,7.45,7,0.1
10801,1,17,1170.00,39.0,40,0.25
10801,2,29,1856.85,123.79,20,0.25
10802,1,30,485.44,25.89,25,0.25
10802,2,51,1192.50,53.0,30,0.25
10802,3,55,1080.00,24.0,60,0.25
10802,4,62,184.87,49.3,5,0.25
10803,1,19,209.76,9.2,24,0.05
10803,2,25,199.50,14.0,15,0.05
10803,3,59,783.75,55.0,15,0.05
10804,1,10,1116.00,31.0,36,0.0
10804,2,28,1094.40,45.6,24,0.0
10804,3,49,68.00,20.0,4,0.15
10805,1,34,140.00,14.0,10,0.0
10805,2,38,2635.00,263.5,10,0.0
10806,1,2,285.00,19.0,20,0.25
10806,2,65,42.10,21.05,2,0.0
10806,3,74,112.50,10.0,15,0.25
10807,1,40,18.40,18.4,1,0.0
10808,1,56,646.00,38.0,20,0.15
10808,2,76,765.00,18.0,50,0.15
10809,1,52,140.00,7.0,20,0.0
10810,1,13,42.00,6.0,7,0.0
10810,2,25,70.00,14.0,5,0.0
10810,3,70,75.00,15.0,5,0.0
10811,1,19,138.00,9.2,15,0.0
10811,2,23,162.00,9.0,18,0.0
10811,3,40,552.00,18.4,30,0.0
10812,1,31,180.00,12.5,16,0.1
10812,2,72,1252.80,34.8,40,0.1
10812,3,77,260.00,13.0,20,0.0
10813,1,2,182.40,19.0,12,0.2
10813,2,46,420.00,12.0,35,0.0
10814,1,41,193.00,9.65,20,0.0
10814,2,43,782.00,46.0,20,0.15
10814,3,48,86.70,12.75,8,0.15
10814,4,61,726.75,28.5,30,0.15
10815,1,33,40.00,2.5,16,0.0
10816,1,38,7509.75,263.5,30,0.05
10816,2,62,936.70,49.3,20,0.05
10817,1,26,1061.82,31.23,40,0.15
10817,2,38,7905.00,263.5,30,0.0
10817,3,40,938.40,18.4,60,0.15
10817,4,62,1047.62,49.3,25,0.15
10818,1,32,640.00,32.0,20,0.0
10818,2,41,193.00,9.65,20,0.0
10819,1,43,322.00,46.0,7,0.0
10819,2,75,155.00,7.75,20,0.0
10820,1,56,1140.00,38.0,30,0.0
10821,1,35,360.00,18.0,20,0.0
10821,2,51,318.00,53.0,6,0.0
10822,1,62,147.90,49.3,3,0.0
10822,2,70,90.00,15.0,6,0.0
10823,1,11,378.00,21.0,20,0.1
10823,2,57,292.50,19.5,15,0.0
10823,3,59,1980.00,55.0,40,0.1
10823,4,77,175.50,13.0,15,0.1
10824,1,41,115.80,9.65,12,0.0
10824,2,70,135.00,15.0,9,0.0
10825,1,26,374.76,31.23,12,0.0
10825,2,53,656.00,32.8,20,0.0
10826,1,31,437.50,12.5,35,0.0
10826,2,57,292.50,19.5,15,0.0
10827,1,10,465.00,31.0,15,0.0
10827,2,39,378.00,18.0,21,0.0
10828,1,20,405.00,81.0,5,0.0
10828,2,38,527.00,263.5,2,0.0
10829,1,2,190.00,19.0,10,0.0
10829,2,8,800.00,40.0,20,0.0
10829,3,13,60.00,6.0,10,0.0
10829,4,60,714.00,34.0,21,0.0
10830,1,6,150.00,25.0,6,0.0
10830,2,39,504.00,18.0,28,0.0
10830,3,60,1020.00,34.0,30,0.0
10830,4,68,300.00,12.5,24,0.0
10831,1,19,18.40,9.2,2,0.0
10831,2,35,144.00,18.0,8,0.0
10831,3,38,2108.00,263.5,8,0.0
10831,4,43,414.00,46.0,9,0.0
10832,1,13,14.40,6.0,3,0.2
10832,2,25,112.00,14.0,10,0.2
10832,3,44,248.96,19.45,16,0.2
10832,4,64,99.75,33.25,3,0.0
10833,1,7,540.00,30.0,20,0.1
10833,2,31,101.25,12.5,9,0.1
10833,3,53,265.68,32.8,9,0.1
10834,1,29,940.80,123.79,8,0.05
10834,2,30,491.91,25.89,20,0.05
10835,1,59,825.00,55.0,15,0.0
10835,2,77,20.80,13.0,2,0.2
10836,1,22,1092.00,21.0,52,0.0
10836,2,35,108.00,18.0,6,0.0
10836,3,57,468.00,19.5,24,0.0
10836,4,60,2040.00,34.0,60,0.0
10836,5,64,997.50,33.25,30,0.0
10837,1,13,36.00,6.0,6,0.0
10837,2,40,460.00,18.4,25,0.0
10837,3,47,285.00,9.5,40,0.25
10837,4,76,283.50,18.0,21,0.25
10838,1,1,54.00,18.0,4,0.25
10838,2,18,1171.88,62.5,25,0.25
10838,3,36,712.50,19.0,50,0.25
10839,1,58,357.75,13.25,30,0.1
10839,2,72,469.80,34.8,15,0.1
10840,1,25,67.20,14.0,6,0.2
10840,2,39,144.00,18.0,10,0.2
10841,1,10,496.00,31.0,16,0.0
10841,2,56,1140.00,38.0,30,0.0
10841,3,59,2750.00,55.0,50,0.0
10841,4,77,195.00,13.0,15,0.0
10842,1,11,315.00,21.0,15,0.0
10842,2,43,230.00,46.0,5,0.0
10842,3,68,250.00,12.5,20,0.0
10842,4,70,180.00,15.0,12,0.0
10843,1,51,159.00,53.0,4,0.25
10844,1,22,735.00,21.0,35,0.0
10845,1,23,567.00,9.0,70,0.1
10845,2,35,405.00,18.0,25,0.1
10845,3,42,529.20,14.0,42,0.1
10845,4,58,715.50,13.25,60,0.1
10845,5,64,1596.00,33.25,48,0.0
10846,1,4,462.00,22.0,21,0.0
10846,2,70,450.00,15.0,30,0.0
10846,3,74,200.00,10.0,20,0.0
10847,1,1,1152.00,18.0,80,0.2
10847,2,19,88.32,9.2,12,0.2
10847,3,37,1248.00,26.0,60,0.2
10847,4,45,273.60,9.5,36,0.2
10847,5,60,1224.00,34.0,45,0.2
10847,6,71,946.00,21.5,55,0.2
10848,1,5,640.50,21.35,30,0.0
10848,2,9,291.00,97.0,3,0.0
10849,1,3,490.00,10.0,49,0.0
10849,2,26,477.82,31.23,18,0.15
10850,1,25,238.00,14.0,20,0.15
10850,2,33,8.50,2.5,4,0.15
10850,3,70,382.50,15.0,30,0.15
10851,1,2,90.25,19.0,5,0.05
10851,2,25,133.00,14.0,10,0.05
10851,3,57,185.25,19.5,10,0.05
10851,4,59,2194.50,55.0,42,0.05
10852,1,2,285.00,19.0,15,0.0
10852,2,17,234.00,39.0,6,0.0
10852,3,62,2465.00,49.3,50,0.0
10853,1,18,625.00,62.5,10,0.0
10854,1,10,2635.00,31.0,100,0.15
10854,2,13,331.50,6.0,65,0.15
10855,1,16,872.50,17.45,50,0.0
10855,2,31,175.00,12.5,14,0.0
10855,3,56,912.00,38.0,24,0.0
10855,4,65,268.39,21.05,15,0.15
10856,1,2,380.00,19.0,20,0.0
10856,2,42,280.00,14.0,20,0.0
10857,1,3,300.00,10.0,30,0.0
10857,2,26,819.79,31.23,35,0.25
10857,3,29,928.43,123.79,10,0.25
10858,1,7,150.00,30.0,5,0.0
10858,2,27,439.00,43.9,10,0.0
10858,3,70,60.00,15.0,4,0.0
10859,1,24,135.00,4.5,40,0.25
10859,2,54,195.56,7.45,35,0.25
10859,3,64,748.13,33.25,30,0.25
10860,1,51,159.00,53.0,3,0.0
10860,2,76,360.00,18.0,20,0.0
10861,1,17,1638.00,39.0,42,0.0
10861,2,18,1250.00,62.5,20,0.0
10861,3,21,400.00,10.0,40,0.0
10861,4,33,87.50,2.5,35,0.0
10861,5,62,147.90,49.3,3,0.0
10862,1,11,525.00,21.0,25,0.0
10862,2,52,56.00,7.0,8,0.0
10863,1,1,306.00,18.0,20,0.15
10863,2,58,135.15,13.25,12,0.15
10864,1,35,72.00,18.0,4,0.0
10864,2,67,210.00,14.0,15,0.0
10865,1,38,15019.50,263.5,60,0.05
10865,2,39,1368.00,18.0,80,0.05
10866,1,2,299.25,19.0,21,0.25
10866,2,24,20.25,4.5,6,0.25
10866,3,30,776.70,25.89,40,0.25
10867,1,53,98.40,32.8,3,0.0
10868,1,26,624.60,31.23,20,0.0
10868,2,35,540.00,18.0,30,0.0
10868,3,49,756.00,20.0,42,0.1
10869,1,1,720.00,18.0,40,0.0
10869,2,11,210.00,21.0,10,0.0
10869,3,23,450.00,9.0,50,0.0
10869,4,68,250.00,12.5,20,0.0
10870,1,35,54.00,18.0,3,0.0
10870,2,51,106.00,53.0,2,0.0
10871,1,6,1187.50,25.0,50,0.05
10871,2,16,198.93,17.45,12,0.05
10871,3,17,592.80,39.0,16,0.05
10872,1,55,228.00,24.0,10,0.05
10872,2,62,936.70,49.3,20,0.05
10872,3,64,473.81,33.25,15,0.05
10872,4,65,419.95,21.05,21,0.05
10873,1,21,200.00,10.0,20,0.0
10873,2,28,136.80,45.6,3,0.0
10874,1,10,310.00,31.0,10,0.0
10875,1,19,230.00,9.2,25,0.0
10875,2,47,179.55,9.5,21,0.1
10875,3,49,300.00,20.0,15,0.0
10876,1,46,252.00,12.0,21,0.0
10876,2,64,665.00,33.25,20,0.0
10877,1,16,392.63,17.45,30,0.25
10877,2,18,1562.50,62.5,25,0.0
10878,1,20,1539.00,81.0,20,0.05
10879,1,40,220.80,18.4,12,0.0
10879,2,65,210.50,21.05,10,0.0
10879,3,76,180.00,18.0,10,0.0
10880,1,23,216.00,9.0,30,0.2
10880,2,61,684.00,28.5,30,0.2
10880,3,70,600.00,15.0,50,0.2
10881,1,73,150.00,15.0,10,0.0
10882,1,42,350.00,14.0,25,0.0
10882,2,49,340.00,20.0,20,0.15
10882,3,54,202.64,7.45,32,0.15
10883,1,24,36.00,4.5,8,0.0
10884,1,21,380.00,10.0,40,0.05
10884,2,56,758.10,38.0,21,0.05
10884,3,65,239.97,21.05,12,0.05
10885,1,2,380.00,19.0,20,0.0
10885,2,24,54.00,4.5,12,0.0
10885,3,70,450.00,15.0,30,0.0
10885,4,77,325.00,13.0,25,0.0
10886,1,10,2170.00,31.0,70,0.0
10886,2,31,437.50,12.5,35,0.0
10886,3,77,520.00,13.0,40,0.0
10887,1,25,70.00,14.0,5,0.0
10888,1,2,380.00,19.0,20,0.0
10888,2,68,225.00,12.5,18,0.0
10889,1,11,840.00,21.0,40,0.0
10889,2,38,10540.00,263.5,40,0.0
10890,1,17,585.00,39.0,15,0.0
10890,2,34,140.00,14.0,10,0.0
10890,3,41,135.10,9.65,14,0.0
10891,1,30,368.93,25.89,15,0.05
10892,1,59,2090.00,55.0,40,0.05
10893,1,8,1200.00,40.0,30,0.0
10893,2,24,45.00,4.5,10,0.0
10893,3,29,2970.96,123.79,24,0.0
10893,4,30,906.15,25.89,35,0.0
10893,5,36,380.00,19.0,20,0.0
10894,1,13,159.60,6.0,28,0.05
10894,2,69,1710.00,36.0,50,0.05
10894,3,75,883.50,7.75,120,0.05
10895,1,24,495.00,4.5,110,0.0
10895,2,39,810.00,18.0,45,0.0
10895,3,40,1674.40,18.4,91,0.0
10895,4,60,3400.00,34.0,100,0.0
10896,1,45,142.50,9.5,15,0.0
10896,2,56,608.00,38.0,16,0.0
10897,1,29,9903.20,123.79,80,0.0
10897,2,30,932.04,25.89,36,0.0
10898,1,13,30.00,6.0,5,0.0
10899,1,39,122.40,18.0,8,0.15
10900,1,70,33.75,15.0,3,0.25
10901,1,41,289.50,9.65,30,0.0
10901,2,71,645.00,21.5,30,0.0
10902,1,55,612.00,24.0,30,0.15
10902,2,62,251.43,49.3,6,0.15
10903,1,13,240.00,6.0,40,0.0
10903,2,65,442.05,21.05,21,0.0
10903,3,68,250.00,12.5,20,0.0
10904,1,58,198.75,13.25,15,0.0
10904,2,62,1725.50,49.3,35,0.0
10905,1,1,342.00,18.0,20,0.05
10906,1,61,427.50,28.5,15,0.0
10907,1,75,108.50,7.75,14,0.0
10908,1,7,570.00,30.0,20,0.05
10908,2,52,93.10,7.0,14,0.05
10909,1,7,360.00,30.0,12,0.0
10909,2,16,261.75,17.45,15,0.0
10909,3,41,48.25,9.65,5,0.0
10910,1,19,110.40,9.2,12,0.0
10910,2,49,200.00,20.0,10,0.0
10910,3,61,142.50,28.5,5,0.0
10911,1,1,180.00,18.0,10,0.0
10911,2,17,468.00,39.0,12,0.0
10911,3,67,210.00,14.0,15,0.0
10912,1,11,630.00,21.0,40,0.25
10912,2,29,5570.55,123.79,60,0.25
10913,1,4,495.00,22.0,30,0.25
10913,2,33,75.00,2.5,40,0.25
10913,3,58,198.75,13.25,15,0.0
10914,1,71,537.50,21.5,25,0.0
10915,1,17,390.00,39.0,10,0.0
10915,2,33,75.00,2.5,30,0.0
10915,3,54,74.50,7.45,10,0.0
10916,1,16,104.70,17.45,6,0.0
10916,2,32,192.00,32.0,6,0.0
10916,3,57,390.00,19.5,20,0.0
10917,1,30,25.89,25.89,1,0.0
10917,2,60,340.00,34.0,10,0.0
10918,1,1,810.00,18.0,60,0.25
10918,2,60,637.50,34.0,25,0.25
10919,1,16,418.80,17.45,24,0.0
10919,2,25,336.00,14.0,24,0.0
10919,3,40,368.00,18.4,20,0.0
10920,1,50,390.00,16.25,24,0.0
10921,1,35,180.00,18.0,10,0.0
10921,2,63,1756.00,43.9,40,0.0
10922,1,17,585.00,39.0,15,0.0
10922,2,24,157.50,4.5,35,0.0
10923,1,42,112.00,14.0,10,0.2
10923,2,43,368.00,46.0,10,0.2
10923,3,67,268.80,14.0,24,0.2
10924,1,10,558.00,31.0,20,0.1
10924,2,28,1231.20,45.6,30,0.1
10924,3,75,46.50,7.75,6,0.0
10925,1,36,403.75,19.0,25,0.15
10925,2,52,71.40,7.0,12,0.15
10926,1,11,42.00,21.0,2,0.0
10926,2,13,60.00,6.0,10,0.0
10926,3,19,64.40,9.2,7,0.0
10926,4,72,348.00,34.8,10,0.0
10927,1,20,405.00,81.0,5,0.0
10927,2,52,35.00,7.0,5,0.0
10927,3,76,360.00,18.0,20,0.0
10928,1,47,47.50,9.5,5,0.0
10928,2,76,90.00,18.0,5,0.0
10929,1,21,600.00,10.0,60,0.0
10929,2,75,379.75,7.75,49,0.0
10929,3,77,195.00,13.0,15,0.0
10930,1,21,360.00,10.0,36,0.0
10930,2,27,1097.50,43.9,25,0.0
10930,3,55,480.00,24.0,25,0.2
10930,4,58,318.00,13.25,30,0.2
10931,1,13,214.20,6.0,42,0.15
10931,2,57,585.00,19.5,30,0.0
10932,1,16,471.15,17.45,30,0.1
10932,2,62,621.18,49.3,14,0.1
10932,3,72,556.80,34.8,16,0.0
10932,4,75,139.50,7.75,20,0.1
10933,1,53,65.60,32.8,2,0.0
10933,2,61,855.00,28.5,30,0.0
10934,1,6,500.00,25.0,20,0.0
10935,1,1,378.00,18.0,21,0.0
10935,2,18,187.50,62.5,4,0.25
10935,3,23,54.00,9.0,8,0.25
10936,1,36,456.00,19.0,30,0.2
10937,1,28,364.80,45.6,8,0.0
10937,2,34,280.00,14.0,20,0.0
10938,1,13,90.00,6.0,20,0.25
10938,2,43,828.00,46.0,24,0.25
10938,3,60,1249.50,34.0,49,0.25
10938,4,71,564.38,21.5,35,0.25
10939,1,2,161.50,19.0,10,0.15
10939,2,67,476.00,14.0,40,0.15
10940,1,7,240.00,30.0,8,0.0
10940,2,13,120.00,6.0,20,0.0
10941,1,31,412.50,12.5,44,0.25
10941,2,62,1109.25,49.3,30,0.25
10941,3,68,750.00,12.5,80,0.25
10941,4,72,1740.00,34.8,50,0.0
10942,1,49,560.00,20.0,28,0.0
10943,1,13,90.00,6.0,15,0.0
10943,2,22,441.00,21.0,21,0.0
10943,3,46,180.00,12.0,15,0.0
10944,1,11,78.75,21.0,5,0.25
10944,2,44,262.58,19.45,18,0.25
10944,3,56,684.00,38.0,18,0.0
10945,1,13,120.00,6.0,20,0.0
10945,2,31,125.00,12.5,10,0.0
10946,1,10,775.00,31.0,25,0.0
10946,2,24,112.50,4.5,25,0.0
10946,3,77,520.00,13.0,40,0.0
10947,1,59,220.00,55.0,4,0.0
10948,1,50,146.25,16.25,9,0.0
10948,2,51,2120.00,53.0,40,0.0
10948,3,55,96.00,24.0,4,0.0
10949,1,6,300.00,25.0,12,0.0
10949,2,10,930.00,31.0,30,0.0
10949,3,17,234.00,39.0,6,0.0
10949,4,62,2958.00,49.3,60,0.0
10950,1,4,110.00,22.0,5,0.0
10951,1,33,35.62,2.5,15,0.05
10951,2,41,55.00,9.65,6,0.05
10951,3,75,368.12,7.75,50,0.05
10952,1,6,380.00,25.0,16,0.05
10952,2,28,91.20,45.6,2,0.0
10953,1,20,3847.50,81.0,50,0.05
10953,2,31,593.75,12.5,50,0.05
10954,1,16,415.31,17.45,28,0.15
10954,2,31,265.62,12.5,25,0.15
10954,3,45,285.00,9.5,30,0.0
10954,4,60,693.60,34.0,24,0.15
10955,1,75,74.40,7.75,12,0.2
10956,1,21,120.00,10.0,12,0.0
10956,2,47,133.00,9.5,14,0.0
10956,3,51,424.00,53.0,8,0.0
10957,1,30,776.70,25.89,30,0.0
10957,2,35,720.00,18.0,40,0.0
10957,3,64,266.00,33.25,8,0.0
10958,1,5,427.00,21.35,20,0.0
10958,2,7,180.00,30.0,6,0.0
10958,3,72,174.00,34.8,5,0.0
10959,1,75,131.75,7.75,20,0.15
10960,1,24,33.75,4.5,10,0.25
10960,2,41,231.60,9.65,24,0.0
10961,1,52,39.90,7.0,6,0.05
10961,2,76,1080.00,18.0,60,0.0
10962,1,7,1350.00,30.0,45,0.0
10962,2,13,462.00,6.0,77,0.0
10962,3,53,656.00,32.8,20,0.0
10962,4,69,324.00,36.0,9,0.0
10962,5,76,792.00,18.0,44,0.0
10963,1,60,57.80,34.0,2,0.15
10964,1,18,375.00,62.5,6,0.0
10964,2,38,1317.50,263.5,5,0.0
10964,3,69,360.00,36.0,10,0.0
10965,1,51,848.00,53.0,16,0.0
10966,1,37,208.00,26.0,8,0.0
10966,2,56,387.60,38.0,12,0.15
10966,3,62,502.86,49.3,12,0.15
10967,1,19,110.40,9.2,12,0.0
10967,2,49,800.00,20.0,40,0.0
10968,1,12,1140.00,38.0,30,0.0
10968,2,24,135.00,4.5,30,0.0
10968,3,64,133.00,33.25,4,0.0
10969,1,46,108.00,12.0,9,0.0
10970,1,52,224.00,7.0,40,0.2
10971,1,29,1733.06,123.79,14,0.0
10972,1,17,234.00,39.0,6,0.0
10972,2,33,17.50,2.5,7,0.0
10973,1,26,156.15,31.23,5,0.0
10973,2,41,57.90,9.65,6,0.0
10973,3,75,77.50,7.75,10,0.0
10974,1,63,439.00,43.9,10,0.0
10975,1,8,640.00,40.0,16,0.0
10975,2,75,77.50,7.75,10,0.0
10976,1,28,912.00,45.6,20,0.0
10977,1,39,540.00,18.0,30,0.0
10977,2,47,285.00,9.5,30,0.0
10977,3,51,530.00,53.0,10,0.0
10977,4,63,878.00,43.9,20,0.0
10978,1,8,680.00,40.0,20,0.15
10978,2,21,340.00,10.0,40,0.15
10978,3,40,184.00,18.4,10,0.0
10978,4,44,99.20,19.45,6,0.15
10979,1,7,540.00,30.0,18,0.0
10979,2,12,760.00,38.0,20,0.0
10979,3,24,360.00,4.5,80,0.0
10979,4,27,1317.00,43.9,30,0.0
10979,5,31,300.00,12.5,24,0.0
10979,6,63,1536.50,43.9,35,0.0
10980,1,75,248.00,7.75,40,0.2
10981,1,38,15810.00,263.5,60,0.0
10982,1,7,600.00,30.0,20,0.0
10982,2,43,414.00,46.0,9,0.0
10983,1,13,428.40,6.0,84,0.15
10983,2,57,292.50,19.5,15,0.0
10984,1,16,959.75,17.45,55,0.0
10984,2,24,90.00,4.5,20,0.0
10984,3,36,760.00,19.0,40,0.0
10985,1,16,565.38,17.45,36,0.1
10985,2,18,450.00,62.5,8,0.1
10985,3,32,1008.00,32.0,35,0.1
10986,1,11,630.00,21.0,30,0.0
10986,2,20,1215.00,81.0,15,0.0
10986,3,76,180.00,18.0,10,0.0
10986,4,77,195.00,13.0,15,0.0
10987,1,7,1800.00,30.0,60,0.0
10987,2,43,276.00,46.0,6,0.0
10987,3,72,696.00,34.8,20,0.0
10988,1,7,1800.00,30.0,60,0.0
10988,2,62,1774.80,49.3,40,0.1
10989,1,6,1000.00,25.0,40,0.0
10989,2,11,315.00,21.0,15,0.0
10989,3,41,38.60,9.65,4,0.0
10990,1,21,650.00,10.0,65,0.0
10990,2,34,714.00,14.0,60,0.15
10990,3,55,1326.00,24.0,65,0.15
10990,4,61,1598.85,28.5,66,0.15
10991,1,2,760.00,19.0,50,0.2
10991,2,70,240.00,15.0,20,0.2
10991,3,76,1296.00,18.0,90,0.2
10992,1,72,69.60,34.8,2,0.0
10993,1,29,4642.13,123.79,50,0.25
10993,2,41,253.31,9.65,35,0.25
10994,1,59,940.50,55.0,18,0.05
10995,1,51,1060.00,53.0,20,0.0
10995,2,60,136.00,34.0,4,0.0
10996,1,42,560.00,14.0,40,0.0
10997,1,32,1600.00,32.0,50,0.0
10997,2,46,180.00,12.0,20,0.25
10997,3,52,105.00,7.0,20,0.25
10998,1,24,54.00,4.5,12,0.0
10998,2,61,199.50,28.5,7,0.0
10998,3,74,200.00,10.0,20,0.0
10998,4,75,232.50,7.75,30,0.0
10999,1,41,183.35,9.65,20,0.05
10999,2,51,755.25,53.0,15,0.05
10999,3,77,259.35,13.0,21,0.05
11000,1,4,412.50,22.0,25,0.25
11000,2,24,101.25,4.5,30,0.25
11000,3,77,390.00,13.0,30,0.0
11001,1,7,1800.00,30.0,60,0.0
11001,2,22,525.00,21.0,25,0.0
11001,3,46,300.00,12.0,25,0.0
11001,4,55,144.00,24.0,6,0.0
11002,1,13,336.00,6.0,56,0.0
11002,2,35,229.50,18.0,15,0.15
11002,3,42,285.60,14.0,24,0.15
11002,4,55,960.00,24.0,40,0.0
11003,1,1,72.00,18.0,4,0.0
11003,2,40,184.00,18.4,10,0.0
11003,3,52,70.00,7.0,10,0.0
11004,1,26,187.38,31.23,6,0.0
11004,2,76,108.00,18.0,6,0.0
11005,1,1,36.00,18.0,2,0.0
11005,2,59,550.00,55.0,10,0.0
11006,1,1,144.00,18.0,8,0.0
11006,2,29,185.69,123.79,2,0.25
11007,1,8,1200.00,40.0,30,0.0
11007,2,29,1237.90,123.79,10,0.0
11007,3,42,196.00,14.0,14,0.0
11008,1,28,3032.40,45.6,70,0.05
11008,2,34,1197.00,14.0,90,0.05
11008,3,71,451.50,21.5,21,0.0
11009,1,24,54.00,4.5,12,0.0
11009,2,36,256.50,19.0,18,0.25
11009,3,60,306.00,34.0,9,0.0
11010,1,7,600.00,30.0,20,0.0
11010,2,24,45.00,4.5,10,0.0
11011,1,58,503.50,13.25,40,0.05
11011,2,71,430.00,21.5,20,0.0
11012,1,19,437.00,9.2,50,0.05
11012,2,60,1162.80,34.0,36,0.05
11012,3,71,1225.50,21.5,60,0.05
11013,1,23,90.00,9.0,10,0.0
11013,2,42,56.00,14.0,4,0.0
11013,3,45,190.00,9.5,20,0.0
11013,4,68,25.00,12.5,2,0.0
11014,1,41,243.18,9.65,28,0.1
11015,1,30,388.35,25.89,15,0.0
11015,2,77,234.00,13.0,18,0.0
11016,1,31,187.50,12.5,15,0.0
11016,2,36,304.00,19.0,16,0.0
11017,1,3,250.00,10.0,25,0.0
11017,2,59,6050.00,55.0,110,0.0
11017,3,70,450.00,15.0,30,0.0
11018,1,12,760.00,38.0,20,0.0
11018,2,18,625.00,62.5,10,0.0
11018,3,56,190.00,38.0,5,0.0
11019,1,46,36.00,12.0,3,0.0
11019,2,49,40.00,20.0,2,0.0
11020,1,10,632.40,31.0,24,0.15
11021,1,2,156.75,19.0,11,0.25
11021,2,20,1215.00,81.0,15,0.0
11021,3,26,1967.49,31.23,63,0.0
11021,4,51,1749.00,53.0,44,0.25
11021,5,72,1218.00,34.8,35,0.0
11022,1,19,322.00,9.2,35,0.0
11022,2,69,1080.00,36.0,30,0.0
11023,1,7,120.00,30.0,4,0.0
11023,2,43,1380.00,46.0,30,0.0
11024,1,26,374.76,31.23,12,0.0
11024,2,33,75.00,2.5,30,0.0
11024,3,65,442.05,21.05,21,0.0
11024,4,71,1075.00,21.5,50,0.0
11025,1,1,162.00,18.0,10,0.1
11025,2,13,108.00,6.0,20,0.1
11026,1,18,500.00,62.5,8,0.0
11026,2,51,530.00,53.0,10,0.0
11027,1,24,101.25,4.5,30,0.25
11027,2,62,776.47,49.3,21,0.25
11028,1,55,840.00,24.0,35,0.0
11028,2,59,1320.00,55.0,24,0.0
11029,1,56,760.00,38.0,20,0.0
11029,2,63,526.80,43.9,12,0.0
11030,1,2,1425.00,19.0,100,0.25
11030,2,5,1494.50,21.35,70,0.0
11030,3,29,5570.55,123.79,60,0.25
11030,4,59,4125.00,55.0,100,0.25
11031,1,1,810.00,18.0,45,0.0
11031,2,13,480.00,6.0,80,0.0
11031,3,24,94.50,4.5,21,0.0
11031,4,64,665.00,33.25,20,0.0
11031,5,71,344.00,21.5,16,0.0
11032,1,36,665.00,19.0,35,0.0
11032,2,38,6587.50,263.5,25,0.0
11032,3,59,1650.00,55.0,30,0.0
11033,1,53,2066.40,32.8,70,0.1
11033,2,69,1166.40,36.0,36,0.1
11034,1,21,135.00,10.0,15,0.1
11034,2,44,233.40,19.45,12,0.0
11034,3,61,171.00,28.5,6,0.0
11035,1,1,180.00,18.0,10,0.0
11035,2,35,1080.00,18.0,60,0.0
11035,3,42,420.00,14.0,30,0.0
11035,4,54,74.50,7.45,10,0.0
11036,1,13,42.00,6.0,7,0.0
11036,2,59,1650.00,55.0,30,0.0
11037,1,70,60.00,15.0,4,0.0
11038,1,40,73.60,18.4,5,0.2
11038,2,52,14.00,7.0,2,0.0
11038,3,71,645.00,21.5,30,0.0
11039,1,28,912.00,45.6,20,0.0
11039,2,35,432.00,18.0,24,0.0
11039,3,49,1200.00,20.0,60,0.0
11039,4,57,546.00,19.5,28,0.0
11040,1,21,200.00,10.0,20,0.0
11041,1,2,456.00,19.0,30,0.2
11041,2,63,1317.00,43.9,30,0.0
11042,1,44,291.75,19.45,15,0.0
11042,2,61,114.00,28.5,4,0.0
11043,1,11,210.00,21.0,10,0.0
11044,1,62,591.60,49.3,12,0.0
11045,1,33,37.50,2.5,15,0.0
11045,2,51,1272.00,53.0,24,0.0
11046,1,12,722.00,38.0,20,0.05
11046,2,32,456.00,32.0,15,0.05
11046,3,35,307.80,18.0,18,0.05
11047,1,1,337.50,18.0,25,0.25
11047,2,5,480.38,21.35,30,0.25
11048,1,68,525.00,12.5,42,0.0
11049,1,2,152.00,19.0,10,0.2
11049,2,12,121.60,38.0,4,0.2
11050,1,76,810.00,18.0,50,0.1
11051,1,24,36.00,4.5,10,0.2
11052,1,43,1104.00,46.0,30,0.2
11052,2,61,228.00,28.5,10,0.2
11053,1,18,1750.00,62.5,35,0.2
11053,2,32,640.00,32.0,20,0.0
11053,3,64,665.00,33.25,25,0.2
11054,1,33,25.00,2.5,10,0.0
11054,2,67,280.00,14.0,20,0.0
11055,1,24,67.50,4.5,15,0.0
11055,2,25,210.00,14.0,15,0.0
11055,3,51,1060.00,53.0,20,0.0
11055,4,57,390.00,19.5,20,0.0
11056,1,7,1200.00,30.0,40,0.0
11056,2,55,840.00,24.0,35,0.0
11056,3,60,1700.00,34.0,50,0.0
11057,1,70,45.00,15.0,3,0.0
11058,1,21,30.00,10.0,3,0.0
11058,2,60,714.00,34.0,21,0.0
11058,3,61,114.00,28.5,4,0.0
11059,1,13,180.00,6.0,30,0.0
11059,2,17,468.00,39.0,12,0.0
11059,3,60,1190.00,34.0,35,0.0
11060,1,60,136.00,34.0,4,0.0
11060,2,77,130.00,13.0,10,0.0
11061,1,60,510.00,34.0,15,0.0
11062,1,53,262.40,32.8,10,0.2
11062,2,70,144.00,15.0,12,0.2
11063,1,34,420.00,14.0,30,0.0
11063,2,40,662.40,18.4,40,0.1
11063,3,41,260.55,9.65,30,0.1
11064,1,17,2702.70,39.0,77,0.1
11064,2,41,115.80,9.65,12,0.0
11064,3,53,738.00,32.8,25,0.1
11064,4,55,86.40,24.0,4,0.1
11064,5,68,687.50,12.5,55,0.0
11065,1,30,77.67,25.89,4,0.25
11065,2,54,111.75,7.45,20,0.25
11066,1,16,52.35,17.45,3,0.0
11066,2,19,386.40,9.2,42,0.0
11066,3,34,490.00,14.0,35,0.0
11067,1,41,86.85,9.65,9,0.0
11068,1,28,310.08,45.6,8,0.15
11068,2,43,1407.60,46.0,36,0.15
11068,3,77,309.40,13.0,28,0.15
11069,1,39,360.00,18.0,20,0.0
11070,1,1,612.00,18.0,40,0.15
11070,2,2,323.00,19.0,20,0.15
11070,3,16,444.98,17.45,30,0.15
11070,4,31,250.00,12.5,20,0.0
11071,1,7,427.50,30.0,15,0.05
11071,2,13,57.00,6.0,10,0.05
11072,1,2,152.00,19.0,8,0.0
11072,2,41,386.00,9.65,40,0.0
11072,3,50,357.50,16.25,22,0.0
11072,4,64,4322.50,33.25,130,0.0
11073,1,11,210.00,21.0,10,0.0
11073,2,24,90.00,4.5,20,0.0
11074,1,16,232.09,17.45,14,0.05
11075,1,2,161.50,19.0,10,0.15
11075,2,46,306.00,12.0,30,0.15
11075,3,76,30.60,18.0,2,0.15
11076,1,6,375.00,25.0,20,0.25
11076,2,14,348.75,23.25,20,0.25
11076,3,19,69.00,9.2,10,0.25
11077,1,2,364.80,19.0,24,0.2
11077,2,3,40.00,10.0,4,0.0
11077,3,4,22.00,22.0,1,0.0
11077,4,6,24.50,25.0,1,0.02
11077,5,7,28.50,30.0,1,0.05
11077,6,8,72.00,40.0,2,0.1
11077,7,10,31.00,31.0,1,0.0
11077,8,12,72.20,38.0,2,0.05
11077,9,13,24.00,6.0,4,0.0
11077,10,14,22.55,23.25,1,0.03
11077,11,16,33.85,17.45,2,0.03
11077,12,20,77.76,81.0,1,0.04
11077,13,23,18.00,9.0,2,0.0
11077,14,32,32.00,32.0,1,0.0
11077,15,39,34.20,18.0,2,0.05
11077,16,41,28.95,9.65,3,0.0
11077,17,46,35.28,12.0,3,0.02
11077,18,52,14.00,7.0,2,0.0
11077,19,55,48.00,24.0,2,0.0
11077,20,60,63.92,34.0,2,0.06
11077,21,64,64.51,33.25,2,0.03
11077,22,66,17.00,17.0,1,0.0
11077,23,73,29.70,15.0,2,0.01
11077,24,75,31.00,7.75,4,0.0
11077,25,77,26.00,13.0,2,0.0
